[
  {
    "model": "sites.site",
    "pk": 1,
    "fields": {
      "domain": "escoresheet.com",
      "name": "E-ScoreSheet"
    }
  },
  {
    "model": "account.emailconfirmation",
    "pk": 1,
    "fields": {
      "email_address": 1,
      "created": "2016-06-28T04:40:09.922Z",
      "sent": "2016-06-28T04:40:10.053Z",
      "key": "nlofszplz7dg9q5ptdaladwgweutywrsewmfmmeqkb5avokgpzw27sophn6zigp2"
    }
  },
  {
    "model": "account.emailconfirmation",
    "pk": 2,
    "fields": {
      "email_address": 2,
      "created": "2016-08-17T21:38:19.804Z",
      "sent": "2016-08-17T21:38:19.941Z",
      "key": "l24zywjmepds08wxqxdilmunjilzgzilhhxqa8yzumng8ccbdlw90k8qywfwbezx"
    }
  },
  {
    "model": "account.emailconfirmation",
    "pk": 3,
    "fields": {
      "email_address": 3,
      "created": "2016-08-17T21:38:21.865Z",
      "sent": "2016-08-17T21:38:22.009Z",
      "key": "pmzom8f0wtqfpt5r4zjdskmrgcdokmqixvzt27llvjgxdlskrmbpxwowveu853v2"
    }
  },
  {
    "model": "account.emailconfirmation",
    "pk": 4,
    "fields": {
      "email_address": 4,
      "created": "2016-08-17T21:38:23.892Z",
      "sent": "2016-08-17T21:38:24.012Z",
      "key": "7o3f9p0mhxyb8o2r9c6uadbqcbtbghncw5aijf3svt4mwfavvlpwyiuhq4zwvoe4"
    }
  },
  {
    "model": "account.emailconfirmation",
    "pk": 5,
    "fields": {
      "email_address": 5,
      "created": "2016-08-17T21:38:25.984Z",
      "sent": "2016-08-17T21:38:26.104Z",
      "key": "hv6svkjugcuhdxborqmxitfi4o7vmnywpdmagpjcru7my6c7ura4hdvj1qbmgve2"
    }
  },
  {
    "model": "account.emailconfirmation",
    "pk": 6,
    "fields": {
      "email_address": 6,
      "created": "2016-08-17T21:38:27.999Z",
      "sent": "2016-08-17T21:38:28.113Z",
      "key": "equxkbjc3vqtjd2jacktnajmfemdreioekzynyycxiwkywpuhdf9cbajqgmjnolm"
    }
  },
  {
    "model": "account.emailconfirmation",
    "pk": 7,
    "fields": {
      "email_address": 7,
      "created": "2016-08-17T21:38:30.013Z",
      "sent": "2016-08-17T21:38:30.144Z",
      "key": "udy9nsugch1rr0hkn7hgrvldpok915j1kkpv2h6zrwr7gu8iae0topoqsyoxjovj"
    }
  },
  {
    "model": "account.emailconfirmation",
    "pk": 8,
    "fields": {
      "email_address": 8,
      "created": "2016-08-17T21:38:32.612Z",
      "sent": "2016-08-17T21:38:32.751Z",
      "key": "fakbuxncqyvgv4yqekxjnlhaxxrykjb11lgrn3booz7vnsxpt4ritoixr2fgf7wd"
    }
  },
  {
    "model": "account.emailconfirmation",
    "pk": 9,
    "fields": {
      "email_address": 9,
      "created": "2016-08-17T21:38:34.809Z",
      "sent": "2016-08-17T21:38:34.930Z",
      "key": "wjxhmesjswesujgv8ilmnww53bjxiwuxat19lnxpzfevxesssiumqpclxbu3yzon"
    }
  },
  {
    "model": "account.emailconfirmation",
    "pk": 10,
    "fields": {
      "email_address": 10,
      "created": "2016-08-17T21:38:37.119Z",
      "sent": "2016-08-17T21:38:37.240Z",
      "key": "ouzw8wqbhq1xwmmrsb0rgmtajxstg5ivothwwilq29gsiqqjrx6muakn38h0ukqz"
    }
  },
  {
    "model": "account.emailconfirmation",
    "pk": 11,
    "fields": {
      "email_address": 11,
      "created": "2016-08-17T21:38:39.512Z",
      "sent": "2016-08-17T21:38:39.652Z",
      "key": "y4xexu7ftxtzmcieki6sfvrb3de4zhqnvu7yecb6l2d3kozq5luav4rq0vans8ce"
    }
  },
  {
    "model": "account.emailconfirmation",
    "pk": 12,
    "fields": {
      "email_address": 12,
      "created": "2016-08-17T21:38:41.493Z",
      "sent": "2016-08-17T21:38:41.619Z",
      "key": "gkyzcjs3w23cnc68eivkuo77we1of9oi0wuzlbi8amov17tz8huggtvjmew11ocb"
    }
  },
  {
    "model": "account.emailconfirmation",
    "pk": 13,
    "fields": {
      "email_address": 13,
      "created": "2016-08-17T21:38:43.792Z",
      "sent": "2016-08-17T21:38:43.922Z",
      "key": "1tp9itsb3tn9semk4yrvykbk6yfxwhbaozdiwky3frf4spj5riqo07oomdyfblsf"
    }
  },
  {
    "model": "account.emailconfirmation",
    "pk": 14,
    "fields": {
      "email_address": 14,
      "created": "2016-08-17T21:38:45.927Z",
      "sent": "2016-08-17T21:38:46.037Z",
      "key": "inf4wtnwevr5fbsvyvytke7qxdzaqpgzrskqianjlylozcud21lonzfe503cmhl4"
    }
  },
  {
    "model": "account.emailconfirmation",
    "pk": 15,
    "fields": {
      "email_address": 15,
      "created": "2016-08-17T21:38:48.237Z",
      "sent": "2016-08-17T21:38:48.401Z",
      "key": "1s6pyopzpzcvouj7i2xotuirutfemirfuhnsnhvpqjwcbpvymvswuqa0rcy2fr8g"
    }
  },
  {
    "model": "account.emailconfirmation",
    "pk": 16,
    "fields": {
      "email_address": 16,
      "created": "2016-08-17T21:38:50.322Z",
      "sent": "2016-08-17T21:38:50.431Z",
      "key": "wnhplhtzrb7j4kggi9ygco753acuuur4qdntfy5egikfmzscumruma55n044amrb"
    }
  },
  {
    "model": "account.emailconfirmation",
    "pk": 17,
    "fields": {
      "email_address": 17,
      "created": "2016-08-17T21:38:52.356Z",
      "sent": "2016-08-17T21:38:52.514Z",
      "key": "ccfpniurjiit6udluqvz8plxhv1nvsch83gvesyypv8p5cofpjcmhsd9ovg8xuyv"
    }
  },
  {
    "model": "account.emailconfirmation",
    "pk": 18,
    "fields": {
      "email_address": 18,
      "created": "2016-08-17T21:38:54.556Z",
      "sent": "2016-08-17T21:38:54.674Z",
      "key": "ha92pugapumb3gpqnxcd4h4hktfm2xsil5gkqn9gh38txegsmgdczi8vsmlrizae"
    }
  },
  {
    "model": "account.emailconfirmation",
    "pk": 19,
    "fields": {
      "email_address": 19,
      "created": "2016-08-17T21:38:56.465Z",
      "sent": "2016-08-17T21:38:56.569Z",
      "key": "fwfy2rmxos1gll0fzjdjkug61kzdjdgjtpp0cccme0evchuzwxetv0e72ekakuwq"
    }
  },
  {
    "model": "account.emailconfirmation",
    "pk": 20,
    "fields": {
      "email_address": 20,
      "created": "2016-08-17T21:38:58.762Z",
      "sent": "2016-08-17T21:38:58.879Z",
      "key": "bd4ifam9urkwee6vrg7vfbor9rp2do6pwicswiycswv3cm86ulzlgfcfu7hp15r4"
    }
  },
  {
    "model": "account.emailconfirmation",
    "pk": 21,
    "fields": {
      "email_address": 21,
      "created": "2016-08-17T21:39:01.036Z",
      "sent": "2016-08-17T21:39:01.155Z",
      "key": "n1ckj83wdwjcowbsgd9vw7azyofpf5ybn0gafxyg6puff2sxtfuecjfsxxiwer4h"
    }
  },
  {
    "model": "account.emailconfirmation",
    "pk": 22,
    "fields": {
      "email_address": 22,
      "created": "2016-08-17T21:39:03.601Z",
      "sent": "2016-08-17T21:39:03.746Z",
      "key": "tmh4qbjbnc9futagkdmjssfpylzhdd4wzaxmo8gdaid1uxej6rvawbuf0g9mkbsa"
    }
  },
  {
    "model": "account.emailconfirmation",
    "pk": 23,
    "fields": {
      "email_address": 23,
      "created": "2016-08-17T21:39:05.970Z",
      "sent": "2016-08-17T21:39:06.132Z",
      "key": "fpdqlmqpmwqyd2bh6rojhacochxcfgtt4n1bmxfj6zm66jktikvbi6peaoyf61nf"
    }
  },
  {
    "model": "account.emailconfirmation",
    "pk": 24,
    "fields": {
      "email_address": 24,
      "created": "2016-08-17T21:39:08.008Z",
      "sent": "2016-08-17T21:39:08.134Z",
      "key": "gobcrs79sbpm2ddw9vesi7spyybc89w936apgnytq2vnwifqfo7aytsez3kx0ocf"
    }
  },
  {
    "model": "account.emailconfirmation",
    "pk": 25,
    "fields": {
      "email_address": 25,
      "created": "2016-08-17T21:39:10.182Z",
      "sent": "2016-08-17T21:39:10.307Z",
      "key": "33is97uotknxjqye57klc7l1ek890uinxfj1osiikiutzub58lk8lntybp8wrcp3"
    }
  },
  {
    "model": "account.emailconfirmation",
    "pk": 26,
    "fields": {
      "email_address": 26,
      "created": "2016-08-17T21:39:12.353Z",
      "sent": "2016-08-17T21:39:12.454Z",
      "key": "lvqp80hjofidpdvgdks4x9uolvzkpzmwaznr5nldqfdnrxpwpyffprzsvyz3t9ez"
    }
  },
  {
    "model": "sports.sport",
    "pk": 1,
    "fields": {
      "name": "Ice Hockey",
      "slug": "ice-hockey",
      "description": "",
      "created": "2016-06-28T04:40:02Z"
    }
  },
  {
    "model": "sports.sport",
    "pk": 2,
    "fields": {
      "name": "Baseball",
      "slug": "baseball",
      "description": "",
      "created": "2016-07-31T03:10:56.970Z"
    }
  },
  {
    "model": "leagues.league",
    "pk": 1,
    "fields": {
      "full_name": "Long Island Amateur Hockey League",
      "abbreviated_name": "LIAHL",
      "slug": "liahl",
      "sport": 1,
      "created": "2016-06-28T04:40:02Z"
    }
  },
  {
    "model": "leagues.league",
    "pk": 2,
    "fields": {
      "full_name": "National Hockey League",
      "abbreviated_name": "NHL",
      "slug": "nhl",
      "sport": 1,
      "created": "2016-06-28T04:40:02Z"
    }
  },
  {
    "model": "leagues.league",
    "pk": 3,
    "fields": {
      "full_name": "Major League Baseball",
      "abbreviated_name": "MLB",
      "slug": "mlb",
      "sport": 2,
      "created": "2016-07-31T03:11:31.865Z"
    }
  },
  {
    "model": "divisions.division",
    "pk": 1,
    "fields": {
      "name": "Midget Minor AA",
      "slug": "midget-minor-aa",
      "league": 1,
      "created": "2016-06-28T04:40:02Z"
    }
  },
  {
    "model": "divisions.division",
    "pk": 2,
    "fields": {
      "name": "Pacific Division",
      "slug": "pacific-division",
      "league": 2,
      "created": "2016-06-28T04:40:02Z"
    }
  },
  {
    "model": "divisions.division",
    "pk": 3,
    "fields": {
      "name": "Central Division",
      "slug": "central-division",
      "league": 2,
      "created": "2016-06-28T04:40:02Z"
    }
  },
  {
    "model": "divisions.division",
    "pk": 4,
    "fields": {
      "name": "Metropolitan Division",
      "slug": "metropolitan-division",
      "league": 2,
      "created": "2016-06-28T04:40:02Z"
    }
  },
  {
    "model": "divisions.division",
    "pk": 5,
    "fields": {
      "name": "Atlantic Division",
      "slug": "atlantic-division",
      "league": 2,
      "created": "2016-06-28T04:40:02Z"
    }
  },
  {
    "model": "divisions.division",
    "pk": 6,
    "fields": {
      "name": "Pee Wee",
      "slug": "pee-wee",
      "league": 1,
      "created": "2016-06-28T04:40:02Z"
    }
  },
  {
    "model": "divisions.division",
    "pk": 7,
    "fields": {
      "name": "Mites",
      "slug": "mites",
      "league": 1,
      "created": "2016-06-28T04:40:02Z"
    }
  },
  {
    "model": "divisions.division",
    "pk": 8,
    "fields": {
      "name": "American League East",
      "slug": "american-league-east",
      "league": 3,
      "created": "2016-07-31T03:12:53.057Z"
    }
  },
  {
    "model": "divisions.division",
    "pk": 9,
    "fields": {
      "name": "American League West",
      "slug": "american-league-west",
      "league": 3,
      "created": "2016-07-31T03:13:01.729Z"
    }
  },
  {
    "model": "divisions.division",
    "pk": 10,
    "fields": {
      "name": "American League Central",
      "slug": "american-league-central",
      "league": 3,
      "created": "2016-07-31T03:13:09.026Z"
    }
  },
  {
    "model": "divisions.division",
    "pk": 11,
    "fields": {
      "name": "National League East",
      "slug": "national-league-east",
      "league": 3,
      "created": "2016-07-31T03:13:22.041Z"
    }
  },
  {
    "model": "divisions.division",
    "pk": 12,
    "fields": {
      "name": "National League West",
      "slug": "national-league-west",
      "league": 3,
      "created": "2016-07-31T03:13:32.679Z"
    }
  },
  {
    "model": "divisions.division",
    "pk": 13,
    "fields": {
      "name": "National League Central",
      "slug": "national-league-central",
      "league": 3,
      "created": "2016-07-31T03:13:38.689Z"
    }
  },
  {
    "model": "teams.team",
    "pk": 1,
    "fields": {
      "name": "Green Machine IceCats",
      "slug": "green-machine-icecats",
      "website": "http://www.icecathockey.com",
      "division": 7,
      "created": "2016-06-28T04:40:02Z"
    }
  },
  {
    "model": "teams.team",
    "pk": 11,
    "fields": {
      "name": "Washington Capitals",
      "slug": "washington-capitals",
      "website": "",
      "division": 4,
      "created": "2016-08-11T22:36:40.475Z"
    }
  },
  {
    "model": "teams.team",
    "pk": 12,
    "fields": {
      "name": "Pittsburgh Penguins",
      "slug": "pittsburgh-penguins",
      "website": "",
      "division": 4,
      "created": "2016-08-11T22:36:40.709Z"
    }
  },
  {
    "model": "teams.team",
    "pk": 13,
    "fields": {
      "name": "New York Rangers",
      "slug": "new-york-rangers",
      "website": "",
      "division": 4,
      "created": "2016-08-11T22:36:40.956Z"
    }
  },
  {
    "model": "teams.team",
    "pk": 14,
    "fields": {
      "name": "New York Islanders",
      "slug": "new-york-islanders",
      "website": "",
      "division": 4,
      "created": "2016-08-11T22:36:41.179Z"
    }
  },
  {
    "model": "teams.team",
    "pk": 15,
    "fields": {
      "name": "Philadelphia Flyers",
      "slug": "philadelphia-flyers",
      "website": "",
      "division": 4,
      "created": "2016-08-11T22:36:41.411Z"
    }
  },
  {
    "model": "teams.team",
    "pk": 16,
    "fields": {
      "name": "Carolina Hurricanes",
      "slug": "carolina-hurricanes",
      "website": "",
      "division": 4,
      "created": "2016-08-11T22:36:41.643Z"
    }
  },
  {
    "model": "teams.team",
    "pk": 17,
    "fields": {
      "name": "New Jersey Devils",
      "slug": "new-jersey-devils",
      "website": "",
      "division": 4,
      "created": "2016-08-11T22:36:41.918Z"
    }
  },
  {
    "model": "teams.team",
    "pk": 18,
    "fields": {
      "name": "Columbus Blue Jackets",
      "slug": "columbus-blue-jackets",
      "website": "",
      "division": 4,
      "created": "2016-08-11T22:36:42.163Z"
    }
  },
  {
    "model": "teams.team",
    "pk": 19,
    "fields": {
      "name": "Florida Panthers",
      "slug": "florida-panthers",
      "website": "",
      "division": 5,
      "created": "2016-08-11T22:36:42.371Z"
    }
  },
  {
    "model": "teams.team",
    "pk": 20,
    "fields": {
      "name": "Tampa Bay Lightning",
      "slug": "tampa-bay-lightning",
      "website": "",
      "division": 5,
      "created": "2016-08-11T22:36:42.575Z"
    }
  },
  {
    "model": "teams.team",
    "pk": 21,
    "fields": {
      "name": "Detroit Red Wings",
      "slug": "detroit-red-wings",
      "website": "",
      "division": 5,
      "created": "2016-08-11T22:36:42.834Z"
    }
  },
  {
    "model": "teams.team",
    "pk": 22,
    "fields": {
      "name": "Boston Bruins",
      "slug": "boston-bruins",
      "website": "",
      "division": 5,
      "created": "2016-08-11T22:36:43.110Z"
    }
  },
  {
    "model": "teams.team",
    "pk": 23,
    "fields": {
      "name": "Ottawa Senators",
      "slug": "ottawa-senators",
      "website": "",
      "division": 5,
      "created": "2016-08-11T22:36:43.459Z"
    }
  },
  {
    "model": "teams.team",
    "pk": 24,
    "fields": {
      "name": "Montr\u00e9al Canadiens",
      "slug": "montreal-canadiens",
      "website": "",
      "division": 5,
      "created": "2016-08-11T22:36:43.681Z"
    }
  },
  {
    "model": "teams.team",
    "pk": 25,
    "fields": {
      "name": "Buffalo Sabres",
      "slug": "buffalo-sabres",
      "website": "",
      "division": 5,
      "created": "2016-08-11T22:36:43.891Z"
    }
  },
  {
    "model": "teams.team",
    "pk": 26,
    "fields": {
      "name": "Toronto Maple Leafs",
      "slug": "toronto-maple-leafs",
      "website": "",
      "division": 5,
      "created": "2016-08-11T22:36:44.109Z"
    }
  },
  {
    "model": "teams.team",
    "pk": 27,
    "fields": {
      "name": "Dallas Stars",
      "slug": "dallas-stars",
      "website": "",
      "division": 3,
      "created": "2016-08-11T22:36:44.319Z"
    }
  },
  {
    "model": "teams.team",
    "pk": 28,
    "fields": {
      "name": "St. Louis Blues",
      "slug": "st-louis-blues",
      "website": "",
      "division": 3,
      "created": "2016-08-11T22:36:44.525Z"
    }
  },
  {
    "model": "teams.team",
    "pk": 29,
    "fields": {
      "name": "Chicago Blackhawks",
      "slug": "chicago-blackhawks",
      "website": "",
      "division": 3,
      "created": "2016-08-11T22:36:44.701Z"
    }
  },
  {
    "model": "teams.team",
    "pk": 30,
    "fields": {
      "name": "Nashville Predators",
      "slug": "nashville-predators",
      "website": "",
      "division": 3,
      "created": "2016-08-11T22:36:44.897Z"
    }
  },
  {
    "model": "teams.team",
    "pk": 31,
    "fields": {
      "name": "Minnesota Wild",
      "slug": "minnesota-wild",
      "website": "",
      "division": 3,
      "created": "2016-08-11T22:36:45.089Z"
    }
  },
  {
    "model": "teams.team",
    "pk": 32,
    "fields": {
      "name": "Colorado Avalanche",
      "slug": "colorado-avalanche",
      "website": "",
      "division": 3,
      "created": "2016-08-11T22:36:45.334Z"
    }
  },
  {
    "model": "teams.team",
    "pk": 33,
    "fields": {
      "name": "Winnipeg Jets",
      "slug": "winnipeg-jets",
      "website": "",
      "division": 3,
      "created": "2016-08-11T22:36:45.614Z"
    }
  },
  {
    "model": "teams.team",
    "pk": 34,
    "fields": {
      "name": "Anaheim Ducks",
      "slug": "anaheim-ducks",
      "website": "",
      "division": 2,
      "created": "2016-08-11T22:36:45.836Z"
    }
  },
  {
    "model": "teams.team",
    "pk": 35,
    "fields": {
      "name": "Los Angeles Kings",
      "slug": "los-angeles-kings",
      "website": "",
      "division": 2,
      "created": "2016-08-11T22:36:46.091Z"
    }
  },
  {
    "model": "teams.team",
    "pk": 36,
    "fields": {
      "name": "San Jose Sharks",
      "slug": "san-jose-sharks",
      "website": "",
      "division": 2,
      "created": "2016-08-11T22:36:46.338Z"
    }
  },
  {
    "model": "teams.team",
    "pk": 37,
    "fields": {
      "name": "Arizona Coyotes",
      "slug": "arizona-coyotes",
      "website": "",
      "division": 2,
      "created": "2016-08-11T22:36:46.516Z"
    }
  },
  {
    "model": "teams.team",
    "pk": 38,
    "fields": {
      "name": "Calgary Flames",
      "slug": "calgary-flames",
      "website": "",
      "division": 2,
      "created": "2016-08-11T22:36:46.738Z"
    }
  },
  {
    "model": "teams.team",
    "pk": 39,
    "fields": {
      "name": "Vancouver Canucks",
      "slug": "vancouver-canucks",
      "website": "",
      "division": 2,
      "created": "2016-08-11T22:36:46.965Z"
    }
  },
  {
    "model": "teams.team",
    "pk": 40,
    "fields": {
      "name": "Edmonton Oilers",
      "slug": "edmonton-oilers",
      "website": "",
      "division": 2,
      "created": "2016-08-11T22:36:47.158Z"
    }
  },
  {
    "model": "teams.team",
    "pk": 41,
    "fields": {
      "name": "Toronto Blue Jays",
      "slug": "toronto-blue-jays",
      "website": "",
      "division": 8,
      "created": "2016-08-12T02:44:22.126Z"
    }
  },
  {
    "model": "teams.team",
    "pk": 42,
    "fields": {
      "name": "Baltimore Orioles",
      "slug": "baltimore-orioles",
      "website": "",
      "division": 8,
      "created": "2016-08-12T02:44:22.270Z"
    }
  },
  {
    "model": "teams.team",
    "pk": 43,
    "fields": {
      "name": "Boston Red Sox",
      "slug": "boston-red-sox",
      "website": "",
      "division": 8,
      "created": "2016-08-12T02:44:22.400Z"
    }
  },
  {
    "model": "teams.team",
    "pk": 44,
    "fields": {
      "name": "New York Yankees",
      "slug": "new-york-yankees",
      "website": "",
      "division": 8,
      "created": "2016-08-12T02:44:22.540Z"
    }
  },
  {
    "model": "teams.team",
    "pk": 45,
    "fields": {
      "name": "Tampa Bay Rays",
      "slug": "tampa-bay-rays",
      "website": "",
      "division": 8,
      "created": "2016-08-12T02:44:22.661Z"
    }
  },
  {
    "model": "teams.team",
    "pk": 46,
    "fields": {
      "name": "Cleveland Indians",
      "slug": "cleveland-indians",
      "website": "",
      "division": 10,
      "created": "2016-08-12T02:44:22.839Z"
    }
  },
  {
    "model": "teams.team",
    "pk": 47,
    "fields": {
      "name": "Detroit Tigers",
      "slug": "detroit-tigers",
      "website": "",
      "division": 10,
      "created": "2016-08-12T02:44:22.984Z"
    }
  },
  {
    "model": "teams.team",
    "pk": 48,
    "fields": {
      "name": "Chicago White Sox",
      "slug": "chicago-white-sox",
      "website": "",
      "division": 10,
      "created": "2016-08-12T02:44:23.147Z"
    }
  },
  {
    "model": "teams.team",
    "pk": 49,
    "fields": {
      "name": "Kansas City Royals",
      "slug": "kansas-city-royals",
      "website": "",
      "division": 10,
      "created": "2016-08-12T02:44:23.269Z"
    }
  },
  {
    "model": "teams.team",
    "pk": 50,
    "fields": {
      "name": "Minnesota Twins",
      "slug": "minnesota-twins",
      "website": "",
      "division": 10,
      "created": "2016-08-12T02:44:23.461Z"
    }
  },
  {
    "model": "teams.team",
    "pk": 51,
    "fields": {
      "name": "Texas Rangers",
      "slug": "texas-rangers",
      "website": "",
      "division": 9,
      "created": "2016-08-12T02:44:23.622Z"
    }
  },
  {
    "model": "teams.team",
    "pk": 52,
    "fields": {
      "name": "Seattle Mariners",
      "slug": "seattle-mariners",
      "website": "",
      "division": 9,
      "created": "2016-08-12T02:44:23.760Z"
    }
  },
  {
    "model": "teams.team",
    "pk": 53,
    "fields": {
      "name": "Houston Astros",
      "slug": "houston-astros",
      "website": "",
      "division": 9,
      "created": "2016-08-12T02:44:23.916Z"
    }
  },
  {
    "model": "teams.team",
    "pk": 54,
    "fields": {
      "name": "Oakland Athletics",
      "slug": "oakland-athletics",
      "website": "",
      "division": 9,
      "created": "2016-08-12T02:44:24.094Z"
    }
  },
  {
    "model": "teams.team",
    "pk": 55,
    "fields": {
      "name": "Los Angeles Angels",
      "slug": "los-angeles-angels",
      "website": "",
      "division": 9,
      "created": "2016-08-12T02:44:24.225Z"
    }
  },
  {
    "model": "teams.team",
    "pk": 56,
    "fields": {
      "name": "Washington Nationals",
      "slug": "washington-nationals",
      "website": "",
      "division": 11,
      "created": "2016-08-12T02:44:24.358Z"
    }
  },
  {
    "model": "teams.team",
    "pk": 57,
    "fields": {
      "name": "Miami Marlins",
      "slug": "miami-marlins",
      "website": "",
      "division": 11,
      "created": "2016-08-12T02:44:24.479Z"
    }
  },
  {
    "model": "teams.team",
    "pk": 58,
    "fields": {
      "name": "New York Mets",
      "slug": "new-york-mets",
      "website": "",
      "division": 11,
      "created": "2016-08-12T02:44:24.617Z"
    }
  },
  {
    "model": "teams.team",
    "pk": 59,
    "fields": {
      "name": "Philadelphia Phillies",
      "slug": "philadelphia-phillies",
      "website": "",
      "division": 11,
      "created": "2016-08-12T02:44:24.750Z"
    }
  },
  {
    "model": "teams.team",
    "pk": 60,
    "fields": {
      "name": "Atlanta Braves",
      "slug": "atlanta-braves",
      "website": "",
      "division": 11,
      "created": "2016-08-12T02:44:24.876Z"
    }
  },
  {
    "model": "teams.team",
    "pk": 61,
    "fields": {
      "name": "Chicago Cubs",
      "slug": "chicago-cubs",
      "website": "",
      "division": 13,
      "created": "2016-08-12T02:44:25.016Z"
    }
  },
  {
    "model": "teams.team",
    "pk": 62,
    "fields": {
      "name": "St. Louis Cardinals",
      "slug": "st-louis-cardinals",
      "website": "",
      "division": 13,
      "created": "2016-08-12T02:44:25.168Z"
    }
  },
  {
    "model": "teams.team",
    "pk": 63,
    "fields": {
      "name": "Pittsburgh Pirates",
      "slug": "pittsburgh-pirates",
      "website": "",
      "division": 13,
      "created": "2016-08-12T02:44:25.386Z"
    }
  },
  {
    "model": "teams.team",
    "pk": 64,
    "fields": {
      "name": "Milwaukee Brewers",
      "slug": "milwaukee-brewers",
      "website": "",
      "division": 13,
      "created": "2016-08-12T02:44:25.514Z"
    }
  },
  {
    "model": "teams.team",
    "pk": 65,
    "fields": {
      "name": "Cincinnati Reds",
      "slug": "cincinnati-reds",
      "website": "",
      "division": 13,
      "created": "2016-08-12T02:44:25.637Z"
    }
  },
  {
    "model": "teams.team",
    "pk": 66,
    "fields": {
      "name": "San Francisco Giants",
      "slug": "san-francisco-giants",
      "website": "",
      "division": 12,
      "created": "2016-08-12T02:44:25.766Z"
    }
  },
  {
    "model": "teams.team",
    "pk": 67,
    "fields": {
      "name": "Los Angeles Dodgers",
      "slug": "los-angeles-dodgers",
      "website": "",
      "division": 12,
      "created": "2016-08-12T02:44:25.911Z"
    }
  },
  {
    "model": "teams.team",
    "pk": 68,
    "fields": {
      "name": "Colorado Rockies",
      "slug": "colorado-rockies",
      "website": "",
      "division": 12,
      "created": "2016-08-12T02:44:26.079Z"
    }
  },
  {
    "model": "teams.team",
    "pk": 69,
    "fields": {
      "name": "San Diego Padres",
      "slug": "san-diego-padres",
      "website": "",
      "division": 12,
      "created": "2016-08-12T02:44:26.252Z"
    }
  },
  {
    "model": "teams.team",
    "pk": 70,
    "fields": {
      "name": "Arizona Diamondbacks",
      "slug": "arizona-diamondbacks",
      "website": "",
      "division": 12,
      "created": "2016-08-12T02:44:26.408Z"
    }
  },
  {
    "model": "teams.team",
    "pk": 71,
    "fields": {
      "name": "Freeport Arrows",
      "slug": "freeport-arrows",
      "website": "",
      "division": 7,
      "created": "2016-08-12T02:50:56.389Z"
    }
  },
  {
    "model": "teams.team",
    "pk": 72,
    "fields": {
      "name": "Long Island Edge",
      "slug": "long-island-edge",
      "website": "",
      "division": 7,
      "created": "2016-08-12T02:51:36.416Z"
    }
  },
  {
    "model": "teams.team",
    "pk": 73,
    "fields": {
      "name": "Brewster Bulldogs",
      "slug": "brewster-bulldogs",
      "website": "",
      "division": 7,
      "created": "2016-08-12T02:58:47.224Z"
    }
  },
  {
    "model": "teams.team",
    "pk": 74,
    "fields": {
      "name": "Long Island Royals",
      "slug": "long-island-royals",
      "website": "",
      "division": 7,
      "created": "2016-08-12T02:59:06.574Z"
    }
  },
  {
    "model": "teams.team",
    "pk": 75,
    "fields": {
      "name": "Nassau County Lions",
      "slug": "nassau-county-lions",
      "website": "",
      "division": 7,
      "created": "2016-08-12T02:59:17.932Z"
    }
  },
  {
    "model": "teams.team",
    "pk": 76,
    "fields": {
      "name": "NYC Cyclones",
      "slug": "nyc-cyclones",
      "website": "",
      "division": 7,
      "created": "2016-08-12T02:59:29.224Z"
    }
  },
  {
    "model": "teams.team",
    "pk": 77,
    "fields": {
      "name": "Aviator Gulls",
      "slug": "aviator-gulls",
      "website": "",
      "division": 7,
      "created": "2016-08-12T03:00:24.074Z"
    }
  },
  {
    "model": "teams.team",
    "pk": 78,
    "fields": {
      "name": "Great Neck Bruins",
      "slug": "great-neck-bruins",
      "website": "",
      "division": 7,
      "created": "2016-08-12T03:00:35.263Z"
    }
  },
  {
    "model": "teams.team",
    "pk": 79,
    "fields": {
      "name": "Long Island Rebels",
      "slug": "long-island-rebels",
      "website": "",
      "division": 7,
      "created": "2016-08-12T03:00:53.464Z"
    }
  },
  {
    "model": "teams.team",
    "pk": 80,
    "fields": {
      "name": "Mamaroneck Tigers",
      "slug": "mamaroneck-tigers",
      "website": "",
      "division": 7,
      "created": "2016-08-12T03:01:10.335Z"
    }
  },
  {
    "model": "auth.user",
    "pk": 1,
    "fields": {
      "password": "pbkdf2_sha256$24000$L3pYG3HA0sRR$IhkK2b098hM5/ghPb5k9U3mCDXGVkz7r4bSZ/Xhrraw=",
      "last_login": "2016-08-17T21:38:02.778Z",
      "is_superuser": true,
      "username": "h@p.com",
      "first_name": "Harris",
      "last_name": "Pittinsky",
      "email": "h@p.com",
      "is_staff": true,
      "is_active": true,
      "date_joined": "2016-06-28T04:40:02Z",
      "groups": [],
      "user_permissions": []
    }
  },
  {
    "model": "auth.user",
    "pk": 2,
    "fields": {
      "password": "pbkdf2_sha256$24000$r2Fzc2urPK4a$bRwCuVH6EwZ9405o+d9XkZuHUdMRMfCXke8yEBVEkxg=",
      "last_login": null,
      "is_superuser": false,
      "username": "a@p.com",
      "first_name": "A",
      "last_name": "AP",
      "email": "a@p.com",
      "is_staff": false,
      "is_active": true,
      "date_joined": "2016-08-17T21:38:19.535Z",
      "groups": [],
      "user_permissions": []
    }
  },
  {
    "model": "auth.user",
    "pk": 3,
    "fields": {
      "password": "pbkdf2_sha256$24000$P6cyyGf6ANSh$+fRS6UusoemlZ6VULvWyMcpv9bxYozFXRF1cjwCyuo4=",
      "last_login": null,
      "is_superuser": false,
      "username": "b@p.com",
      "first_name": "B",
      "last_name": "BP",
      "email": "b@p.com",
      "is_staff": false,
      "is_active": true,
      "date_joined": "2016-08-17T21:38:21.583Z",
      "groups": [],
      "user_permissions": []
    }
  },
  {
    "model": "auth.user",
    "pk": 4,
    "fields": {
      "password": "pbkdf2_sha256$24000$7wdWB2SAKNe4$F9lAblOfqVvmxXRXnGXWFZqdqlhjEkjdnpttRoT4HMw=",
      "last_login": null,
      "is_superuser": false,
      "username": "c@p.com",
      "first_name": "C",
      "last_name": "CP",
      "email": "c@p.com",
      "is_staff": false,
      "is_active": true,
      "date_joined": "2016-08-17T21:38:23.627Z",
      "groups": [],
      "user_permissions": []
    }
  },
  {
    "model": "auth.user",
    "pk": 5,
    "fields": {
      "password": "pbkdf2_sha256$24000$dt2W7BBmGF4b$Jvs0jesIJDGGcAnePBo2xYioPIOUrTP9lbfhuwN6Wxg=",
      "last_login": null,
      "is_superuser": false,
      "username": "d@p.com",
      "first_name": "D",
      "last_name": "DP",
      "email": "d@p.com",
      "is_staff": false,
      "is_active": true,
      "date_joined": "2016-08-17T21:38:25.702Z",
      "groups": [],
      "user_permissions": []
    }
  },
  {
    "model": "auth.user",
    "pk": 6,
    "fields": {
      "password": "pbkdf2_sha256$24000$2enW359J4aiP$TxPSMczNcNfvOUhbT7xAccHvitSYZ4VntPw0uc3IbGo=",
      "last_login": null,
      "is_superuser": false,
      "username": "e@p.com",
      "first_name": "E",
      "last_name": "EP",
      "email": "e@p.com",
      "is_staff": false,
      "is_active": true,
      "date_joined": "2016-08-17T21:38:27.715Z",
      "groups": [],
      "user_permissions": []
    }
  },
  {
    "model": "auth.user",
    "pk": 7,
    "fields": {
      "password": "pbkdf2_sha256$24000$hP6rHMCq8xbB$V6rwt/6hTPkOS9hkR0an1tgKLyik2psgGq69C2vbct0=",
      "last_login": null,
      "is_superuser": false,
      "username": "f@p.com",
      "first_name": "F",
      "last_name": "FP",
      "email": "f@p.com",
      "is_staff": false,
      "is_active": true,
      "date_joined": "2016-08-17T21:38:29.721Z",
      "groups": [],
      "user_permissions": []
    }
  },
  {
    "model": "auth.user",
    "pk": 8,
    "fields": {
      "password": "pbkdf2_sha256$24000$Tjbs4B7xgiaM$pI55YiUw3dN2QP/h562waAMmsLAAW7YhRv728VHnio4=",
      "last_login": null,
      "is_superuser": false,
      "username": "g@p.com",
      "first_name": "G",
      "last_name": "GP",
      "email": "g@p.com",
      "is_staff": false,
      "is_active": true,
      "date_joined": "2016-08-17T21:38:31.795Z",
      "groups": [],
      "user_permissions": []
    }
  },
  {
    "model": "auth.user",
    "pk": 9,
    "fields": {
      "password": "pbkdf2_sha256$24000$nAweFlqHTT4D$KI0R3iYoGzgynoWelKyUwjYP07pC+Rsf+Xe2Gc8wGdM=",
      "last_login": null,
      "is_superuser": false,
      "username": "i@p.com",
      "first_name": "I",
      "last_name": "IP",
      "email": "i@p.com",
      "is_staff": false,
      "is_active": true,
      "date_joined": "2016-08-17T21:38:34.523Z",
      "groups": [],
      "user_permissions": []
    }
  },
  {
    "model": "auth.user",
    "pk": 10,
    "fields": {
      "password": "pbkdf2_sha256$24000$5DxjHEMILmF6$XUy/YzqgkfyI1H9ymMwTNeGQfQ1Zxr7CUxv8u4LwH78=",
      "last_login": null,
      "is_superuser": false,
      "username": "j@p.com",
      "first_name": "J",
      "last_name": "JP",
      "email": "j@p.com",
      "is_staff": false,
      "is_active": true,
      "date_joined": "2016-08-17T21:38:36.766Z",
      "groups": [],
      "user_permissions": []
    }
  },
  {
    "model": "auth.user",
    "pk": 11,
    "fields": {
      "password": "pbkdf2_sha256$24000$OePdeRwSzmAi$rIqncMv07uRUFRV9tjpoUqGpAnTjJ6R+hFlGSbvtk8Y=",
      "last_login": null,
      "is_superuser": false,
      "username": "k@p.com",
      "first_name": "K",
      "last_name": "KP",
      "email": "k@p.com",
      "is_staff": false,
      "is_active": true,
      "date_joined": "2016-08-17T21:38:39.197Z",
      "groups": [],
      "user_permissions": []
    }
  },
  {
    "model": "auth.user",
    "pk": 12,
    "fields": {
      "password": "pbkdf2_sha256$24000$GevsRCSqdOWk$QSh/9iAwMzspkzm2QqoaFMZ/q245d+PFo/pXZtiEe/Q=",
      "last_login": null,
      "is_superuser": false,
      "username": "l@p.com",
      "first_name": "L",
      "last_name": "LP",
      "email": "l@p.com",
      "is_staff": false,
      "is_active": true,
      "date_joined": "2016-08-17T21:38:41.224Z",
      "groups": [],
      "user_permissions": []
    }
  },
  {
    "model": "auth.user",
    "pk": 13,
    "fields": {
      "password": "pbkdf2_sha256$24000$zmYpnXN289NT$Sy5o1XJiEZ7P7rbZFP7CMQC+YJ8Ww2Zi8AMIR4+75WY=",
      "last_login": null,
      "is_superuser": false,
      "username": "m@p.com",
      "first_name": "M",
      "last_name": "MP",
      "email": "m@p.com",
      "is_staff": false,
      "is_active": true,
      "date_joined": "2016-08-17T21:38:43.441Z",
      "groups": [],
      "user_permissions": []
    }
  },
  {
    "model": "auth.user",
    "pk": 14,
    "fields": {
      "password": "pbkdf2_sha256$24000$w1lFj10cKPCC$6sznYY0TlSR8R/K+hzkZ5DHopOX8d3yMOOb56H5O3Oc=",
      "last_login": null,
      "is_superuser": false,
      "username": "n@p.com",
      "first_name": "N",
      "last_name": "NP",
      "email": "n@p.com",
      "is_staff": false,
      "is_active": true,
      "date_joined": "2016-08-17T21:38:45.606Z",
      "groups": [],
      "user_permissions": []
    }
  },
  {
    "model": "auth.user",
    "pk": 15,
    "fields": {
      "password": "pbkdf2_sha256$24000$ZizbAhKSaMpQ$ecm+0Pnz+LtG7gBBrWIlg09E2CVAjoj3FJ+ghgCGSqs=",
      "last_login": null,
      "is_superuser": false,
      "username": "o@p.com",
      "first_name": "O",
      "last_name": "OP",
      "email": "o@p.com",
      "is_staff": false,
      "is_active": true,
      "date_joined": "2016-08-17T21:38:47.929Z",
      "groups": [],
      "user_permissions": []
    }
  },
  {
    "model": "auth.user",
    "pk": 16,
    "fields": {
      "password": "pbkdf2_sha256$24000$RtIpU69YTwc8$6oAN3IqZJaIPkGkqWSKFC7NahH/Yt+0v+Loj4bPqcIg=",
      "last_login": null,
      "is_superuser": false,
      "username": "p@p.com",
      "first_name": "P",
      "last_name": "PP",
      "email": "p@p.com",
      "is_staff": false,
      "is_active": true,
      "date_joined": "2016-08-17T21:38:50.041Z",
      "groups": [],
      "user_permissions": []
    }
  },
  {
    "model": "auth.user",
    "pk": 17,
    "fields": {
      "password": "pbkdf2_sha256$24000$KcDBvALUu6Hn$96VBbV/hBovkgMRW4/gQX+ec/714NLrWmuFcR08xduc=",
      "last_login": null,
      "is_superuser": false,
      "username": "q@p.com",
      "first_name": "Q",
      "last_name": "QP",
      "email": "q@p.com",
      "is_staff": false,
      "is_active": true,
      "date_joined": "2016-08-17T21:38:52.068Z",
      "groups": [],
      "user_permissions": []
    }
  },
  {
    "model": "auth.user",
    "pk": 18,
    "fields": {
      "password": "pbkdf2_sha256$24000$vEln7ML7MvPb$QN1qyyd3AEih9TOyuMzByLCBFdA96Icf6RlxQDDWN2A=",
      "last_login": null,
      "is_superuser": false,
      "username": "r@p.com",
      "first_name": "R",
      "last_name": "RP",
      "email": "r@p.com",
      "is_staff": false,
      "is_active": true,
      "date_joined": "2016-08-17T21:38:54.257Z",
      "groups": [],
      "user_permissions": []
    }
  },
  {
    "model": "auth.user",
    "pk": 19,
    "fields": {
      "password": "pbkdf2_sha256$24000$ynceHF3bRMLq$j7hNSjptWIrCaYh/QmgVBM2J9OGxeBQ7uv5Gr7B4AAU=",
      "last_login": null,
      "is_superuser": false,
      "username": "s@p.com",
      "first_name": "S",
      "last_name": "SP",
      "email": "s@p.com",
      "is_staff": false,
      "is_active": true,
      "date_joined": "2016-08-17T21:38:56.227Z",
      "groups": [],
      "user_permissions": []
    }
  },
  {
    "model": "auth.user",
    "pk": 20,
    "fields": {
      "password": "pbkdf2_sha256$24000$uFgcm8eTR4wk$sRNhpy5xV5zTTEx7c1GIETepwuZTXXjWoeHY/E6FYm0=",
      "last_login": null,
      "is_superuser": false,
      "username": "t@p.com",
      "first_name": "T",
      "last_name": "TP",
      "email": "t@p.com",
      "is_staff": false,
      "is_active": true,
      "date_joined": "2016-08-17T21:38:58.475Z",
      "groups": [],
      "user_permissions": []
    }
  },
  {
    "model": "auth.user",
    "pk": 21,
    "fields": {
      "password": "pbkdf2_sha256$24000$RFULsH3Yw2y8$BWa9WagO924uHlJ/3oeSk8d4imvduE4F67kIl5jsXz8=",
      "last_login": null,
      "is_superuser": false,
      "username": "u@p.com",
      "first_name": "U",
      "last_name": "UP",
      "email": "u@p.com",
      "is_staff": false,
      "is_active": true,
      "date_joined": "2016-08-17T21:39:00.736Z",
      "groups": [],
      "user_permissions": []
    }
  },
  {
    "model": "auth.user",
    "pk": 22,
    "fields": {
      "password": "pbkdf2_sha256$24000$Z9nuqzM1I3EO$uiuCJAcCs8KmkEExqwP+kkzsW4UrmteWOHZ/8ziXZu4=",
      "last_login": null,
      "is_superuser": false,
      "username": "v@p.com",
      "first_name": "V",
      "last_name": "VP",
      "email": "v@p.com",
      "is_staff": false,
      "is_active": true,
      "date_joined": "2016-08-17T21:39:03.280Z",
      "groups": [],
      "user_permissions": []
    }
  },
  {
    "model": "auth.user",
    "pk": 23,
    "fields": {
      "password": "pbkdf2_sha256$24000$CkXoxHmk6PHt$CGuAYo3ATwjCltr1pjXuv+EmhrUF0M32TmhxDn+v7pY=",
      "last_login": null,
      "is_superuser": false,
      "username": "w@p.com",
      "first_name": "W",
      "last_name": "WP",
      "email": "w@p.com",
      "is_staff": false,
      "is_active": true,
      "date_joined": "2016-08-17T21:39:05.681Z",
      "groups": [],
      "user_permissions": []
    }
  },
  {
    "model": "auth.user",
    "pk": 24,
    "fields": {
      "password": "pbkdf2_sha256$24000$5CMTM6FskBeZ$1+rZaKHkBpMx+9/avMzrjUBUZMlgJSpYUxnP8g0F08w=",
      "last_login": null,
      "is_superuser": false,
      "username": "x@p.com",
      "first_name": "X",
      "last_name": "XP",
      "email": "x@p.com",
      "is_staff": false,
      "is_active": true,
      "date_joined": "2016-08-17T21:39:07.755Z",
      "groups": [],
      "user_permissions": []
    }
  },
  {
    "model": "auth.user",
    "pk": 25,
    "fields": {
      "password": "pbkdf2_sha256$24000$rrzWGHhTA7PJ$r67Vor1p10brEE2V/f1d3z9YBgqv6rstlEKq2sQRRog=",
      "last_login": null,
      "is_superuser": false,
      "username": "y@p.com",
      "first_name": "Y",
      "last_name": "YP",
      "email": "y@p.com",
      "is_staff": false,
      "is_active": true,
      "date_joined": "2016-08-17T21:39:09.898Z",
      "groups": [],
      "user_permissions": []
    }
  },
  {
    "model": "auth.user",
    "pk": 26,
    "fields": {
      "password": "pbkdf2_sha256$24000$w7jrD31eC5Uk$E12TuLxOLhhUoHaRhZgBnEWrH5TKinIwodNVr74pJI8=",
      "last_login": null,
      "is_superuser": false,
      "username": "z@p.com",
      "first_name": "Z",
      "last_name": "ZP",
      "email": "z@p.com",
      "is_staff": false,
      "is_active": true,
      "date_joined": "2016-08-17T21:39:12.052Z",
      "groups": [],
      "user_permissions": []
    }
  },
  {
    "model": "userprofiles.userprofile",
    "pk": 1,
    "fields": {
      "user": 1,
      "gender": "Male",
      "birthday": "1996-06-28",
      "height": "5' 7\"",
      "weight": 130,
      "language": "en",
      "timezone": "US/Eastern"
    }
  },
  {
    "model": "userprofiles.userprofile",
    "pk": 2,
    "fields": {
      "user": 2,
      "gender": "Male",
      "birthday": "2016-08-17",
      "height": "5' 7\"",
      "weight": 130,
      "language": "en",
      "timezone": "UTC"
    }
  },
  {
    "model": "userprofiles.userprofile",
    "pk": 3,
    "fields": {
      "user": 3,
      "gender": "Male",
      "birthday": "2016-08-17",
      "height": "5' 7\"",
      "weight": 130,
      "language": "en",
      "timezone": "UTC"
    }
  },
  {
    "model": "userprofiles.userprofile",
    "pk": 4,
    "fields": {
      "user": 4,
      "gender": "Male",
      "birthday": "2016-08-17",
      "height": "5' 7\"",
      "weight": 130,
      "language": "en",
      "timezone": "UTC"
    }
  },
  {
    "model": "userprofiles.userprofile",
    "pk": 5,
    "fields": {
      "user": 5,
      "gender": "Male",
      "birthday": "2016-08-17",
      "height": "5' 7\"",
      "weight": 130,
      "language": "en",
      "timezone": "UTC"
    }
  },
  {
    "model": "userprofiles.userprofile",
    "pk": 6,
    "fields": {
      "user": 6,
      "gender": "Male",
      "birthday": "2016-08-17",
      "height": "5' 7\"",
      "weight": 130,
      "language": "en",
      "timezone": "UTC"
    }
  },
  {
    "model": "userprofiles.userprofile",
    "pk": 7,
    "fields": {
      "user": 7,
      "gender": "Male",
      "birthday": "2016-08-17",
      "height": "5' 7\"",
      "weight": 130,
      "language": "en",
      "timezone": "UTC"
    }
  },
  {
    "model": "userprofiles.userprofile",
    "pk": 8,
    "fields": {
      "user": 8,
      "gender": "Male",
      "birthday": "2016-08-17",
      "height": "5' 7\"",
      "weight": 130,
      "language": "en",
      "timezone": "UTC"
    }
  },
  {
    "model": "userprofiles.userprofile",
    "pk": 9,
    "fields": {
      "user": 9,
      "gender": "Male",
      "birthday": "2016-08-17",
      "height": "5' 7\"",
      "weight": 130,
      "language": "en",
      "timezone": "UTC"
    }
  },
  {
    "model": "userprofiles.userprofile",
    "pk": 10,
    "fields": {
      "user": 10,
      "gender": "Male",
      "birthday": "2016-08-17",
      "height": "5' 7\"",
      "weight": 130,
      "language": "en",
      "timezone": "UTC"
    }
  },
  {
    "model": "userprofiles.userprofile",
    "pk": 11,
    "fields": {
      "user": 11,
      "gender": "Male",
      "birthday": "2016-08-17",
      "height": "5' 7\"",
      "weight": 130,
      "language": "en",
      "timezone": "UTC"
    }
  },
  {
    "model": "userprofiles.userprofile",
    "pk": 12,
    "fields": {
      "user": 12,
      "gender": "Male",
      "birthday": "2016-08-17",
      "height": "5' 7\"",
      "weight": 130,
      "language": "en",
      "timezone": "UTC"
    }
  },
  {
    "model": "userprofiles.userprofile",
    "pk": 13,
    "fields": {
      "user": 13,
      "gender": "Male",
      "birthday": "2016-08-17",
      "height": "5' 7\"",
      "weight": 130,
      "language": "en",
      "timezone": "UTC"
    }
  },
  {
    "model": "userprofiles.userprofile",
    "pk": 14,
    "fields": {
      "user": 14,
      "gender": "Male",
      "birthday": "2016-08-17",
      "height": "5' 7\"",
      "weight": 130,
      "language": "en",
      "timezone": "UTC"
    }
  },
  {
    "model": "userprofiles.userprofile",
    "pk": 15,
    "fields": {
      "user": 15,
      "gender": "Male",
      "birthday": "2016-08-17",
      "height": "5' 7\"",
      "weight": 130,
      "language": "en",
      "timezone": "UTC"
    }
  },
  {
    "model": "userprofiles.userprofile",
    "pk": 16,
    "fields": {
      "user": 16,
      "gender": "Male",
      "birthday": "2016-08-17",
      "height": "5' 7\"",
      "weight": 130,
      "language": "en",
      "timezone": "UTC"
    }
  },
  {
    "model": "userprofiles.userprofile",
    "pk": 17,
    "fields": {
      "user": 17,
      "gender": "Male",
      "birthday": "2016-08-17",
      "height": "5' 7\"",
      "weight": 130,
      "language": "en",
      "timezone": "UTC"
    }
  },
  {
    "model": "userprofiles.userprofile",
    "pk": 18,
    "fields": {
      "user": 18,
      "gender": "Male",
      "birthday": "2016-08-17",
      "height": "5' 7\"",
      "weight": 130,
      "language": "en",
      "timezone": "UTC"
    }
  },
  {
    "model": "userprofiles.userprofile",
    "pk": 19,
    "fields": {
      "user": 19,
      "gender": "Male",
      "birthday": "2016-08-17",
      "height": "5' 7\"",
      "weight": 130,
      "language": "en",
      "timezone": "UTC"
    }
  },
  {
    "model": "userprofiles.userprofile",
    "pk": 20,
    "fields": {
      "user": 20,
      "gender": "Male",
      "birthday": "2016-08-17",
      "height": "5' 7\"",
      "weight": 130,
      "language": "en",
      "timezone": "UTC"
    }
  },
  {
    "model": "userprofiles.userprofile",
    "pk": 21,
    "fields": {
      "user": 21,
      "gender": "Male",
      "birthday": "2016-08-17",
      "height": "5' 7\"",
      "weight": 130,
      "language": "en",
      "timezone": "UTC"
    }
  },
  {
    "model": "userprofiles.userprofile",
    "pk": 22,
    "fields": {
      "user": 22,
      "gender": "Male",
      "birthday": "2016-08-17",
      "height": "5' 7\"",
      "weight": 130,
      "language": "en",
      "timezone": "UTC"
    }
  },
  {
    "model": "userprofiles.userprofile",
    "pk": 23,
    "fields": {
      "user": 23,
      "gender": "Male",
      "birthday": "2016-08-17",
      "height": "5' 7\"",
      "weight": 130,
      "language": "en",
      "timezone": "UTC"
    }
  },
  {
    "model": "userprofiles.userprofile",
    "pk": 24,
    "fields": {
      "user": 24,
      "gender": "Male",
      "birthday": "2016-08-17",
      "height": "5' 7\"",
      "weight": 130,
      "language": "en",
      "timezone": "UTC"
    }
  },
  {
    "model": "userprofiles.userprofile",
    "pk": 25,
    "fields": {
      "user": 25,
      "gender": "Male",
      "birthday": "2016-08-17",
      "height": "5' 7\"",
      "weight": 130,
      "language": "en",
      "timezone": "UTC"
    }
  },
  {
    "model": "userprofiles.userprofile",
    "pk": 26,
    "fields": {
      "user": 26,
      "gender": "Male",
      "birthday": "2016-08-17",
      "height": "5' 7\"",
      "weight": 130,
      "language": "en",
      "timezone": "UTC"
    }
  },
  {
    "model": "coaches.coach",
    "pk": 8,
    "fields": {
      "user": 1,
      "position": "Head Coach",
      "team": 1,
      "created": "2016-08-12T03:04:04.755Z"
    }
  },
  {
    "model": "coaches.coach",
    "pk": 9,
    "fields": {
      "user": 1,
      "position": "Assistant Coach",
      "team": 45,
      "created": "2016-08-12T03:04:25.297Z"
    }
  },
  {
    "model": "coaches.coach",
    "pk": 10,
    "fields": {
      "user": 2,
      "position": "Head Coach",
      "team": 1,
      "created": "2016-08-17T21:38:20.865Z"
    }
  },
  {
    "model": "coaches.coach",
    "pk": 11,
    "fields": {
      "user": 3,
      "position": "Head Coach",
      "team": 75,
      "created": "2016-08-17T21:38:22.953Z"
    }
  },
  {
    "model": "coaches.coach",
    "pk": 12,
    "fields": {
      "user": 4,
      "position": "Head Coach",
      "team": 1,
      "created": "2016-08-17T21:38:24.991Z"
    }
  },
  {
    "model": "coaches.coach",
    "pk": 13,
    "fields": {
      "user": 5,
      "position": "Head Coach",
      "team": 73,
      "created": "2016-08-17T21:38:26.984Z"
    }
  },
  {
    "model": "coaches.coach",
    "pk": 14,
    "fields": {
      "user": 6,
      "position": "Head Coach",
      "team": 71,
      "created": "2016-08-17T21:38:28.963Z"
    }
  },
  {
    "model": "coaches.coach",
    "pk": 15,
    "fields": {
      "user": 7,
      "position": "Head Coach",
      "team": 74,
      "created": "2016-08-17T21:38:31.119Z"
    }
  },
  {
    "model": "coaches.coach",
    "pk": 16,
    "fields": {
      "user": 8,
      "position": "Assistant Coach",
      "team": 1,
      "created": "2016-08-17T21:38:33.818Z"
    }
  },
  {
    "model": "coaches.coach",
    "pk": 17,
    "fields": {
      "user": 9,
      "position": "Assistant Coach",
      "team": 74,
      "created": "2016-08-17T21:38:35.920Z"
    }
  },
  {
    "model": "coaches.coach",
    "pk": 18,
    "fields": {
      "user": 10,
      "position": "Head Coach",
      "team": 72,
      "created": "2016-08-17T21:38:38.331Z"
    }
  },
  {
    "model": "coaches.coach",
    "pk": 19,
    "fields": {
      "user": 11,
      "position": "Assistant Coach",
      "team": 75,
      "created": "2016-08-17T21:38:40.510Z"
    }
  },
  {
    "model": "coaches.coach",
    "pk": 20,
    "fields": {
      "user": 12,
      "position": "Assistant Coach",
      "team": 80,
      "created": "2016-08-17T21:38:42.697Z"
    }
  },
  {
    "model": "coaches.coach",
    "pk": 21,
    "fields": {
      "user": 13,
      "position": "Head Coach",
      "team": 78,
      "created": "2016-08-17T21:38:44.910Z"
    }
  },
  {
    "model": "coaches.coach",
    "pk": 22,
    "fields": {
      "user": 14,
      "position": "Head Coach",
      "team": 78,
      "created": "2016-08-17T21:38:47.102Z"
    }
  },
  {
    "model": "coaches.coach",
    "pk": 23,
    "fields": {
      "user": 15,
      "position": "Assistant Coach",
      "team": 73,
      "created": "2016-08-17T21:38:49.369Z"
    }
  },
  {
    "model": "coaches.coach",
    "pk": 24,
    "fields": {
      "user": 16,
      "position": "Head Coach",
      "team": 78,
      "created": "2016-08-17T21:38:51.350Z"
    }
  },
  {
    "model": "coaches.coach",
    "pk": 25,
    "fields": {
      "user": 17,
      "position": "Head Coach",
      "team": 74,
      "created": "2016-08-17T21:38:53.474Z"
    }
  },
  {
    "model": "coaches.coach",
    "pk": 26,
    "fields": {
      "user": 18,
      "position": "Assistant Coach",
      "team": 72,
      "created": "2016-08-17T21:38:55.543Z"
    }
  },
  {
    "model": "coaches.coach",
    "pk": 27,
    "fields": {
      "user": 19,
      "position": "Head Coach",
      "team": 71,
      "created": "2016-08-17T21:38:57.667Z"
    }
  },
  {
    "model": "coaches.coach",
    "pk": 28,
    "fields": {
      "user": 20,
      "position": "Head Coach",
      "team": 71,
      "created": "2016-08-17T21:38:59.921Z"
    }
  },
  {
    "model": "coaches.coach",
    "pk": 29,
    "fields": {
      "user": 21,
      "position": "Head Coach",
      "team": 71,
      "created": "2016-08-17T21:39:02.543Z"
    }
  },
  {
    "model": "coaches.coach",
    "pk": 30,
    "fields": {
      "user": 22,
      "position": "Assistant Coach",
      "team": 72,
      "created": "2016-08-17T21:39:04.887Z"
    }
  },
  {
    "model": "coaches.coach",
    "pk": 31,
    "fields": {
      "user": 23,
      "position": "Assistant Coach",
      "team": 77,
      "created": "2016-08-17T21:39:07.044Z"
    }
  },
  {
    "model": "coaches.coach",
    "pk": 32,
    "fields": {
      "user": 24,
      "position": "Head Coach",
      "team": 76,
      "created": "2016-08-17T21:39:09.136Z"
    }
  },
  {
    "model": "coaches.coach",
    "pk": 33,
    "fields": {
      "user": 25,
      "position": "Head Coach",
      "team": 79,
      "created": "2016-08-17T21:39:11.261Z"
    }
  },
  {
    "model": "coaches.coach",
    "pk": 34,
    "fields": {
      "user": 26,
      "position": "Head Coach",
      "team": 80,
      "created": "2016-08-17T21:39:13.363Z"
    }
  },
  {
    "model": "players.hockeyplayer",
    "pk": 5,
    "fields": {
      "user": 1,
      "sport": 1,
      "team": 14,
      "jersey_number": 89,
      "created": "2016-08-12T03:04:04.558Z",
      "position": "C",
      "handedness": "Left"
    }
  },
  {
    "model": "players.hockeyplayer",
    "pk": 6,
    "fields": {
      "user": 2,
      "sport": 1,
      "team": 77,
      "jersey_number": 1,
      "created": "2016-08-17T21:38:20.790Z",
      "position": "LW",
      "handedness": "Right"
    }
  },
  {
    "model": "players.hockeyplayer",
    "pk": 7,
    "fields": {
      "user": 3,
      "sport": 1,
      "team": 72,
      "jersey_number": 2,
      "created": "2016-08-17T21:38:22.872Z",
      "position": "LW",
      "handedness": "Right"
    }
  },
  {
    "model": "players.hockeyplayer",
    "pk": 8,
    "fields": {
      "user": 4,
      "sport": 1,
      "team": 71,
      "jersey_number": 3,
      "created": "2016-08-17T21:38:24.918Z",
      "position": "RD",
      "handedness": "Right"
    }
  },
  {
    "model": "players.hockeyplayer",
    "pk": 9,
    "fields": {
      "user": 5,
      "sport": 1,
      "team": 73,
      "jersey_number": 4,
      "created": "2016-08-17T21:38:26.897Z",
      "position": "RD",
      "handedness": "Right"
    }
  },
  {
    "model": "players.hockeyplayer",
    "pk": 10,
    "fields": {
      "user": 6,
      "sport": 1,
      "team": 75,
      "jersey_number": 5,
      "created": "2016-08-17T21:38:28.880Z",
      "position": "LD",
      "handedness": "Right"
    }
  },
  {
    "model": "players.hockeyplayer",
    "pk": 11,
    "fields": {
      "user": 7,
      "sport": 1,
      "team": 80,
      "jersey_number": 6,
      "created": "2016-08-17T21:38:31.034Z",
      "position": "G",
      "handedness": "Right"
    }
  },
  {
    "model": "players.hockeyplayer",
    "pk": 12,
    "fields": {
      "user": 8,
      "sport": 1,
      "team": 73,
      "jersey_number": 7,
      "created": "2016-08-17T21:38:33.746Z",
      "position": "C",
      "handedness": "Right"
    }
  },
  {
    "model": "players.hockeyplayer",
    "pk": 13,
    "fields": {
      "user": 9,
      "sport": 1,
      "team": 72,
      "jersey_number": 9,
      "created": "2016-08-17T21:38:35.834Z",
      "position": "LD",
      "handedness": "Right"
    }
  },
  {
    "model": "players.hockeyplayer",
    "pk": 14,
    "fields": {
      "user": 10,
      "sport": 1,
      "team": 77,
      "jersey_number": 10,
      "created": "2016-08-17T21:38:38.249Z",
      "position": "RW",
      "handedness": "Right"
    }
  },
  {
    "model": "players.hockeyplayer",
    "pk": 15,
    "fields": {
      "user": 11,
      "sport": 1,
      "team": 79,
      "jersey_number": 11,
      "created": "2016-08-17T21:38:40.434Z",
      "position": "RW",
      "handedness": "Left"
    }
  },
  {
    "model": "players.hockeyplayer",
    "pk": 16,
    "fields": {
      "user": 12,
      "sport": 1,
      "team": 73,
      "jersey_number": 12,
      "created": "2016-08-17T21:38:42.614Z",
      "position": "RD",
      "handedness": "Left"
    }
  },
  {
    "model": "players.hockeyplayer",
    "pk": 17,
    "fields": {
      "user": 13,
      "sport": 1,
      "team": 75,
      "jersey_number": 13,
      "created": "2016-08-17T21:38:44.824Z",
      "position": "C",
      "handedness": "Left"
    }
  },
  {
    "model": "players.hockeyplayer",
    "pk": 18,
    "fields": {
      "user": 14,
      "sport": 1,
      "team": 74,
      "jersey_number": 14,
      "created": "2016-08-17T21:38:46.963Z",
      "position": "LD",
      "handedness": "Right"
    }
  },
  {
    "model": "players.hockeyplayer",
    "pk": 19,
    "fields": {
      "user": 15,
      "sport": 1,
      "team": 78,
      "jersey_number": 15,
      "created": "2016-08-17T21:38:49.284Z",
      "position": "LW",
      "handedness": "Right"
    }
  },
  {
    "model": "players.hockeyplayer",
    "pk": 20,
    "fields": {
      "user": 16,
      "sport": 1,
      "team": 75,
      "jersey_number": 16,
      "created": "2016-08-17T21:38:51.272Z",
      "position": "C",
      "handedness": "Left"
    }
  },
  {
    "model": "players.hockeyplayer",
    "pk": 21,
    "fields": {
      "user": 17,
      "sport": 1,
      "team": 78,
      "jersey_number": 17,
      "created": "2016-08-17T21:38:53.401Z",
      "position": "RD",
      "handedness": "Right"
    }
  },
  {
    "model": "players.hockeyplayer",
    "pk": 22,
    "fields": {
      "user": 18,
      "sport": 1,
      "team": 74,
      "jersey_number": 18,
      "created": "2016-08-17T21:38:55.471Z",
      "position": "LW",
      "handedness": "Left"
    }
  },
  {
    "model": "players.hockeyplayer",
    "pk": 23,
    "fields": {
      "user": 19,
      "sport": 1,
      "team": 76,
      "jersey_number": 19,
      "created": "2016-08-17T21:38:57.579Z",
      "position": "LW",
      "handedness": "Right"
    }
  },
  {
    "model": "players.hockeyplayer",
    "pk": 24,
    "fields": {
      "user": 20,
      "sport": 1,
      "team": 78,
      "jersey_number": 20,
      "created": "2016-08-17T21:38:59.849Z",
      "position": "LW",
      "handedness": "Right"
    }
  },
  {
    "model": "players.hockeyplayer",
    "pk": 25,
    "fields": {
      "user": 21,
      "sport": 1,
      "team": 77,
      "jersey_number": 21,
      "created": "2016-08-17T21:39:02.087Z",
      "position": "C",
      "handedness": "Right"
    }
  },
  {
    "model": "players.hockeyplayer",
    "pk": 26,
    "fields": {
      "user": 22,
      "sport": 1,
      "team": 78,
      "jersey_number": 22,
      "created": "2016-08-17T21:39:04.771Z",
      "position": "LW",
      "handedness": "Left"
    }
  },
  {
    "model": "players.hockeyplayer",
    "pk": 27,
    "fields": {
      "user": 23,
      "sport": 1,
      "team": 78,
      "jersey_number": 23,
      "created": "2016-08-17T21:39:06.961Z",
      "position": "RD",
      "handedness": "Right"
    }
  },
  {
    "model": "players.hockeyplayer",
    "pk": 28,
    "fields": {
      "user": 24,
      "sport": 1,
      "team": 1,
      "jersey_number": 24,
      "created": "2016-08-17T21:39:09.048Z",
      "position": "RW",
      "handedness": "Left"
    }
  },
  {
    "model": "players.hockeyplayer",
    "pk": 29,
    "fields": {
      "user": 25,
      "sport": 1,
      "team": 77,
      "jersey_number": 25,
      "created": "2016-08-17T21:39:11.174Z",
      "position": "C",
      "handedness": "Left"
    }
  },
  {
    "model": "players.hockeyplayer",
    "pk": 30,
    "fields": {
      "user": 26,
      "sport": 1,
      "team": 1,
      "jersey_number": 26,
      "created": "2016-08-17T21:39:13.290Z",
      "position": "C",
      "handedness": "Right"
    }
  },
  {
    "model": "players.baseballplayer",
    "pk": 4,
    "fields": {
      "user": 1,
      "sport": 2,
      "team": 46,
      "jersey_number": 88,
      "created": "2016-08-12T03:04:25.075Z",
      "position": "LF",
      "catches": "Left",
      "bats": "Left"
    }
  },
  {
    "model": "referees.referee",
    "pk": 7,
    "fields": {
      "user": 1,
      "league": 1,
      "created": "2016-08-12T03:04:04.876Z"
    }
  },
  {
    "model": "referees.referee",
    "pk": 8,
    "fields": {
      "user": 1,
      "league": 3,
      "created": "2016-08-12T03:04:25.391Z"
    }
  },
  {
    "model": "referees.referee",
    "pk": 9,
    "fields": {
      "user": 2,
      "league": 1,
      "created": "2016-08-17T21:38:21.023Z"
    }
  },
  {
    "model": "referees.referee",
    "pk": 10,
    "fields": {
      "user": 3,
      "league": 1,
      "created": "2016-08-17T21:38:23.108Z"
    }
  },
  {
    "model": "referees.referee",
    "pk": 11,
    "fields": {
      "user": 4,
      "league": 1,
      "created": "2016-08-17T21:38:25.148Z"
    }
  },
  {
    "model": "referees.referee",
    "pk": 12,
    "fields": {
      "user": 5,
      "league": 1,
      "created": "2016-08-17T21:38:27.155Z"
    }
  },
  {
    "model": "referees.referee",
    "pk": 13,
    "fields": {
      "user": 6,
      "league": 1,
      "created": "2016-08-17T21:38:29.142Z"
    }
  },
  {
    "model": "referees.referee",
    "pk": 14,
    "fields": {
      "user": 7,
      "league": 1,
      "created": "2016-08-17T21:38:31.276Z"
    }
  },
  {
    "model": "referees.referee",
    "pk": 15,
    "fields": {
      "user": 8,
      "league": 1,
      "created": "2016-08-17T21:38:33.976Z"
    }
  },
  {
    "model": "referees.referee",
    "pk": 16,
    "fields": {
      "user": 9,
      "league": 1,
      "created": "2016-08-17T21:38:36.100Z"
    }
  },
  {
    "model": "referees.referee",
    "pk": 17,
    "fields": {
      "user": 10,
      "league": 1,
      "created": "2016-08-17T21:38:38.510Z"
    }
  },
  {
    "model": "referees.referee",
    "pk": 18,
    "fields": {
      "user": 11,
      "league": 1,
      "created": "2016-08-17T21:38:40.665Z"
    }
  },
  {
    "model": "referees.referee",
    "pk": 19,
    "fields": {
      "user": 12,
      "league": 1,
      "created": "2016-08-17T21:38:42.853Z"
    }
  },
  {
    "model": "referees.referee",
    "pk": 20,
    "fields": {
      "user": 13,
      "league": 1,
      "created": "2016-08-17T21:38:45.069Z"
    }
  },
  {
    "model": "referees.referee",
    "pk": 21,
    "fields": {
      "user": 14,
      "league": 1,
      "created": "2016-08-17T21:38:47.259Z"
    }
  },
  {
    "model": "referees.referee",
    "pk": 22,
    "fields": {
      "user": 15,
      "league": 1,
      "created": "2016-08-17T21:38:49.526Z"
    }
  },
  {
    "model": "referees.referee",
    "pk": 23,
    "fields": {
      "user": 16,
      "league": 1,
      "created": "2016-08-17T21:38:51.506Z"
    }
  },
  {
    "model": "referees.referee",
    "pk": 24,
    "fields": {
      "user": 17,
      "league": 1,
      "created": "2016-08-17T21:38:53.636Z"
    }
  },
  {
    "model": "referees.referee",
    "pk": 25,
    "fields": {
      "user": 18,
      "league": 1,
      "created": "2016-08-17T21:38:55.700Z"
    }
  },
  {
    "model": "referees.referee",
    "pk": 26,
    "fields": {
      "user": 19,
      "league": 1,
      "created": "2016-08-17T21:38:57.836Z"
    }
  },
  {
    "model": "referees.referee",
    "pk": 27,
    "fields": {
      "user": 20,
      "league": 1,
      "created": "2016-08-17T21:39:00.157Z"
    }
  },
  {
    "model": "referees.referee",
    "pk": 28,
    "fields": {
      "user": 21,
      "league": 1,
      "created": "2016-08-17T21:39:02.724Z"
    }
  },
  {
    "model": "referees.referee",
    "pk": 29,
    "fields": {
      "user": 22,
      "league": 1,
      "created": "2016-08-17T21:39:05.034Z"
    }
  },
  {
    "model": "referees.referee",
    "pk": 30,
    "fields": {
      "user": 23,
      "league": 1,
      "created": "2016-08-17T21:39:07.200Z"
    }
  },
  {
    "model": "referees.referee",
    "pk": 31,
    "fields": {
      "user": 24,
      "league": 1,
      "created": "2016-08-17T21:39:09.292Z"
    }
  },
  {
    "model": "referees.referee",
    "pk": 32,
    "fields": {
      "user": 25,
      "league": 1,
      "created": "2016-08-17T21:39:11.419Z"
    }
  },
  {
    "model": "referees.referee",
    "pk": 33,
    "fields": {
      "user": 26,
      "league": 1,
      "created": "2016-08-17T21:39:13.543Z"
    }
  },
  {
    "model": "managers.manager",
    "pk": 6,
    "fields": {
      "user": 1,
      "team": 22,
      "created": "2016-08-12T03:04:04.656Z"
    }
  },
  {
    "model": "managers.manager",
    "pk": 7,
    "fields": {
      "user": 1,
      "team": 57,
      "created": "2016-08-12T03:04:25.192Z"
    }
  },
  {
    "model": "managers.manager",
    "pk": 8,
    "fields": {
      "user": 2,
      "team": 74,
      "created": "2016-08-17T21:38:20.940Z"
    }
  },
  {
    "model": "managers.manager",
    "pk": 9,
    "fields": {
      "user": 3,
      "team": 71,
      "created": "2016-08-17T21:38:23.030Z"
    }
  },
  {
    "model": "managers.manager",
    "pk": 10,
    "fields": {
      "user": 4,
      "team": 75,
      "created": "2016-08-17T21:38:25.069Z"
    }
  },
  {
    "model": "managers.manager",
    "pk": 11,
    "fields": {
      "user": 5,
      "team": 77,
      "created": "2016-08-17T21:38:27.072Z"
    }
  },
  {
    "model": "managers.manager",
    "pk": 12,
    "fields": {
      "user": 6,
      "team": 80,
      "created": "2016-08-17T21:38:29.053Z"
    }
  },
  {
    "model": "managers.manager",
    "pk": 13,
    "fields": {
      "user": 7,
      "team": 79,
      "created": "2016-08-17T21:38:31.197Z"
    }
  },
  {
    "model": "managers.manager",
    "pk": 14,
    "fields": {
      "user": 8,
      "team": 75,
      "created": "2016-08-17T21:38:33.895Z"
    }
  },
  {
    "model": "managers.manager",
    "pk": 15,
    "fields": {
      "user": 9,
      "team": 74,
      "created": "2016-08-17T21:38:36.008Z"
    }
  },
  {
    "model": "managers.manager",
    "pk": 16,
    "fields": {
      "user": 10,
      "team": 73,
      "created": "2016-08-17T21:38:38.418Z"
    }
  },
  {
    "model": "managers.manager",
    "pk": 17,
    "fields": {
      "user": 11,
      "team": 77,
      "created": "2016-08-17T21:38:40.585Z"
    }
  },
  {
    "model": "managers.manager",
    "pk": 18,
    "fields": {
      "user": 12,
      "team": 1,
      "created": "2016-08-17T21:38:42.775Z"
    }
  },
  {
    "model": "managers.manager",
    "pk": 19,
    "fields": {
      "user": 13,
      "team": 72,
      "created": "2016-08-17T21:38:44.988Z"
    }
  },
  {
    "model": "managers.manager",
    "pk": 20,
    "fields": {
      "user": 14,
      "team": 71,
      "created": "2016-08-17T21:38:47.179Z"
    }
  },
  {
    "model": "managers.manager",
    "pk": 21,
    "fields": {
      "user": 15,
      "team": 78,
      "created": "2016-08-17T21:38:49.446Z"
    }
  },
  {
    "model": "managers.manager",
    "pk": 22,
    "fields": {
      "user": 16,
      "team": 71,
      "created": "2016-08-17T21:38:51.436Z"
    }
  },
  {
    "model": "managers.manager",
    "pk": 23,
    "fields": {
      "user": 17,
      "team": 80,
      "created": "2016-08-17T21:38:53.552Z"
    }
  },
  {
    "model": "managers.manager",
    "pk": 24,
    "fields": {
      "user": 18,
      "team": 78,
      "created": "2016-08-17T21:38:55.620Z"
    }
  },
  {
    "model": "managers.manager",
    "pk": 25,
    "fields": {
      "user": 19,
      "team": 80,
      "created": "2016-08-17T21:38:57.755Z"
    }
  },
  {
    "model": "managers.manager",
    "pk": 26,
    "fields": {
      "user": 20,
      "team": 77,
      "created": "2016-08-17T21:39:00.042Z"
    }
  },
  {
    "model": "managers.manager",
    "pk": 27,
    "fields": {
      "user": 21,
      "team": 75,
      "created": "2016-08-17T21:39:02.631Z"
    }
  },
  {
    "model": "managers.manager",
    "pk": 28,
    "fields": {
      "user": 22,
      "team": 73,
      "created": "2016-08-17T21:39:04.964Z"
    }
  },
  {
    "model": "managers.manager",
    "pk": 29,
    "fields": {
      "user": 23,
      "team": 80,
      "created": "2016-08-17T21:39:07.121Z"
    }
  },
  {
    "model": "managers.manager",
    "pk": 30,
    "fields": {
      "user": 24,
      "team": 71,
      "created": "2016-08-17T21:39:09.211Z"
    }
  },
  {
    "model": "managers.manager",
    "pk": 31,
    "fields": {
      "user": 25,
      "team": 74,
      "created": "2016-08-17T21:39:11.335Z"
    }
  },
  {
    "model": "managers.manager",
    "pk": 32,
    "fields": {
      "user": 26,
      "team": 73,
      "created": "2016-08-17T21:39:13.450Z"
    }
  },
  {
    "model": "seasons.season",
    "pk": 1,
    "fields": {
      "league": 1,
      "start_date": "2016-08-17",
      "end_date": "2017-08-17",
      "teams": [
        77,
        73,
        71,
        78,
        1,
        72,
        79,
        74,
        80,
        76,
        75
      ]
    }
  },
  {
    "model": "sports.sportregistration",
    "pk": 29,
    "fields": {
      "user": 1,
      "sport": 1,
      "roles_mask": 15,
      "is_complete": true
    }
  },
  {
    "model": "sports.sportregistration",
    "pk": 30,
    "fields": {
      "user": 1,
      "sport": 2,
      "roles_mask": 15,
      "is_complete": true
    }
  },
  {
    "model": "sports.sportregistration",
    "pk": 31,
    "fields": {
      "user": 2,
      "sport": 1,
      "roles_mask": 15,
      "is_complete": true
    }
  },
  {
    "model": "sports.sportregistration",
    "pk": 32,
    "fields": {
      "user": 3,
      "sport": 1,
      "roles_mask": 15,
      "is_complete": true
    }
  },
  {
    "model": "sports.sportregistration",
    "pk": 33,
    "fields": {
      "user": 4,
      "sport": 1,
      "roles_mask": 15,
      "is_complete": true
    }
  },
  {
    "model": "sports.sportregistration",
    "pk": 34,
    "fields": {
      "user": 5,
      "sport": 1,
      "roles_mask": 15,
      "is_complete": true
    }
  },
  {
    "model": "sports.sportregistration",
    "pk": 35,
    "fields": {
      "user": 6,
      "sport": 1,
      "roles_mask": 15,
      "is_complete": true
    }
  },
  {
    "model": "sports.sportregistration",
    "pk": 36,
    "fields": {
      "user": 7,
      "sport": 1,
      "roles_mask": 15,
      "is_complete": true
    }
  },
  {
    "model": "sports.sportregistration",
    "pk": 37,
    "fields": {
      "user": 8,
      "sport": 1,
      "roles_mask": 15,
      "is_complete": true
    }
  },
  {
    "model": "sports.sportregistration",
    "pk": 38,
    "fields": {
      "user": 9,
      "sport": 1,
      "roles_mask": 15,
      "is_complete": true
    }
  },
  {
    "model": "sports.sportregistration",
    "pk": 39,
    "fields": {
      "user": 10,
      "sport": 1,
      "roles_mask": 15,
      "is_complete": true
    }
  },
  {
    "model": "sports.sportregistration",
    "pk": 40,
    "fields": {
      "user": 11,
      "sport": 1,
      "roles_mask": 15,
      "is_complete": true
    }
  },
  {
    "model": "sports.sportregistration",
    "pk": 41,
    "fields": {
      "user": 12,
      "sport": 1,
      "roles_mask": 15,
      "is_complete": true
    }
  },
  {
    "model": "sports.sportregistration",
    "pk": 42,
    "fields": {
      "user": 13,
      "sport": 1,
      "roles_mask": 15,
      "is_complete": true
    }
  },
  {
    "model": "sports.sportregistration",
    "pk": 43,
    "fields": {
      "user": 14,
      "sport": 1,
      "roles_mask": 15,
      "is_complete": true
    }
  },
  {
    "model": "sports.sportregistration",
    "pk": 44,
    "fields": {
      "user": 15,
      "sport": 1,
      "roles_mask": 15,
      "is_complete": true
    }
  },
  {
    "model": "sports.sportregistration",
    "pk": 45,
    "fields": {
      "user": 16,
      "sport": 1,
      "roles_mask": 15,
      "is_complete": true
    }
  },
  {
    "model": "sports.sportregistration",
    "pk": 46,
    "fields": {
      "user": 17,
      "sport": 1,
      "roles_mask": 15,
      "is_complete": true
    }
  },
  {
    "model": "sports.sportregistration",
    "pk": 47,
    "fields": {
      "user": 18,
      "sport": 1,
      "roles_mask": 15,
      "is_complete": true
    }
  },
  {
    "model": "sports.sportregistration",
    "pk": 48,
    "fields": {
      "user": 19,
      "sport": 1,
      "roles_mask": 15,
      "is_complete": true
    }
  },
  {
    "model": "sports.sportregistration",
    "pk": 49,
    "fields": {
      "user": 20,
      "sport": 1,
      "roles_mask": 15,
      "is_complete": true
    }
  },
  {
    "model": "sports.sportregistration",
    "pk": 50,
    "fields": {
      "user": 21,
      "sport": 1,
      "roles_mask": 15,
      "is_complete": true
    }
  },
  {
    "model": "sports.sportregistration",
    "pk": 51,
    "fields": {
      "user": 22,
      "sport": 1,
      "roles_mask": 15,
      "is_complete": true
    }
  },
  {
    "model": "sports.sportregistration",
    "pk": 52,
    "fields": {
      "user": 23,
      "sport": 1,
      "roles_mask": 15,
      "is_complete": true
    }
  },
  {
    "model": "sports.sportregistration",
    "pk": 53,
    "fields": {
      "user": 24,
      "sport": 1,
      "roles_mask": 15,
      "is_complete": true
    }
  },
  {
    "model": "sports.sportregistration",
    "pk": 54,
    "fields": {
      "user": 25,
      "sport": 1,
      "roles_mask": 15,
      "is_complete": true
    }
  },
  {
    "model": "sports.sportregistration",
    "pk": 55,
    "fields": {
      "user": 26,
      "sport": 1,
      "roles_mask": 15,
      "is_complete": true
    }
  },
  {
    "model": "account.emailaddress",
    "pk": 1,
    "fields": {
      "user": 1,
      "email": "h@p.com",
      "verified": true,
      "primary": true
    }
  },
  {
    "model": "account.emailaddress",
    "pk": 2,
    "fields": {
      "user": 2,
      "email": "a@p.com",
      "verified": true,
      "primary": true
    }
  },
  {
    "model": "account.emailaddress",
    "pk": 3,
    "fields": {
      "user": 3,
      "email": "b@p.com",
      "verified": true,
      "primary": true
    }
  },
  {
    "model": "account.emailaddress",
    "pk": 4,
    "fields": {
      "user": 4,
      "email": "c@p.com",
      "verified": true,
      "primary": true
    }
  },
  {
    "model": "account.emailaddress",
    "pk": 5,
    "fields": {
      "user": 5,
      "email": "d@p.com",
      "verified": true,
      "primary": true
    }
  },
  {
    "model": "account.emailaddress",
    "pk": 6,
    "fields": {
      "user": 6,
      "email": "e@p.com",
      "verified": true,
      "primary": true
    }
  },
  {
    "model": "account.emailaddress",
    "pk": 7,
    "fields": {
      "user": 7,
      "email": "f@p.com",
      "verified": true,
      "primary": true
    }
  },
  {
    "model": "account.emailaddress",
    "pk": 8,
    "fields": {
      "user": 8,
      "email": "g@p.com",
      "verified": true,
      "primary": true
    }
  },
  {
    "model": "account.emailaddress",
    "pk": 9,
    "fields": {
      "user": 9,
      "email": "i@p.com",
      "verified": true,
      "primary": true
    }
  },
  {
    "model": "account.emailaddress",
    "pk": 10,
    "fields": {
      "user": 10,
      "email": "j@p.com",
      "verified": true,
      "primary": true
    }
  },
  {
    "model": "account.emailaddress",
    "pk": 11,
    "fields": {
      "user": 11,
      "email": "k@p.com",
      "verified": true,
      "primary": true
    }
  },
  {
    "model": "account.emailaddress",
    "pk": 12,
    "fields": {
      "user": 12,
      "email": "l@p.com",
      "verified": true,
      "primary": true
    }
  },
  {
    "model": "account.emailaddress",
    "pk": 13,
    "fields": {
      "user": 13,
      "email": "m@p.com",
      "verified": true,
      "primary": true
    }
  },
  {
    "model": "account.emailaddress",
    "pk": 14,
    "fields": {
      "user": 14,
      "email": "n@p.com",
      "verified": true,
      "primary": true
    }
  },
  {
    "model": "account.emailaddress",
    "pk": 15,
    "fields": {
      "user": 15,
      "email": "o@p.com",
      "verified": true,
      "primary": true
    }
  },
  {
    "model": "account.emailaddress",
    "pk": 16,
    "fields": {
      "user": 16,
      "email": "p@p.com",
      "verified": true,
      "primary": true
    }
  },
  {
    "model": "account.emailaddress",
    "pk": 17,
    "fields": {
      "user": 17,
      "email": "q@p.com",
      "verified": true,
      "primary": true
    }
  },
  {
    "model": "account.emailaddress",
    "pk": 18,
    "fields": {
      "user": 18,
      "email": "r@p.com",
      "verified": true,
      "primary": true
    }
  },
  {
    "model": "account.emailaddress",
    "pk": 19,
    "fields": {
      "user": 19,
      "email": "s@p.com",
      "verified": true,
      "primary": true
    }
  },
  {
    "model": "account.emailaddress",
    "pk": 20,
    "fields": {
      "user": 20,
      "email": "t@p.com",
      "verified": true,
      "primary": true
    }
  },
  {
    "model": "account.emailaddress",
    "pk": 21,
    "fields": {
      "user": 21,
      "email": "u@p.com",
      "verified": true,
      "primary": true
    }
  },
  {
    "model": "account.emailaddress",
    "pk": 22,
    "fields": {
      "user": 22,
      "email": "v@p.com",
      "verified": true,
      "primary": true
    }
  },
  {
    "model": "account.emailaddress",
    "pk": 23,
    "fields": {
      "user": 23,
      "email": "w@p.com",
      "verified": true,
      "primary": true
    }
  },
  {
    "model": "account.emailaddress",
    "pk": 24,
    "fields": {
      "user": 24,
      "email": "x@p.com",
      "verified": true,
      "primary": true
    }
  },
  {
    "model": "account.emailaddress",
    "pk": 25,
    "fields": {
      "user": 25,
      "email": "y@p.com",
      "verified": true,
      "primary": true
    }
  },
  {
    "model": "account.emailaddress",
    "pk": 26,
    "fields": {
      "user": 26,
      "email": "z@p.com",
      "verified": true,
      "primary": true
    }
  }
]
