[
  {
    "model": "sites.site",
    "pk": 1,
    "fields": {
      "domain": "escoresheet.com",
      "name": "E-ScoreSheet"
    }
  },
  {
    "model": "account.emailconfirmation",
    "pk": 1,
    "fields": {
      "email_address": 1,
      "created": "2016-06-28T04:40:09.922Z",
      "sent": "2016-06-28T04:40:10.053Z",
      "key": "nlofszplz7dg9q5ptdaladwgweutywrsewmfmmeqkb5avokgpzw27sophn6zigp2"
    }
  },
  {
    "model": "sports.sport",
    "pk": 1,
    "fields": {
      "name": "Ice Hockey",
      "slug": "ice-hockey",
      "description": "",
      "created": "2016-06-28T04:40:02Z"
    }
  },
  {
    "model": "sports.sport",
    "pk": 2,
    "fields": {
      "name": "Baseball",
      "slug": "baseball",
      "description": "",
      "created": "2016-07-31T03:10:56.970Z"
    }
  },
  {
    "model": "leagues.league",
    "pk": 1,
    "fields": {
      "full_name": "Long Island Amateur Hockey League",
      "abbreviated_name": "LIAHL",
      "slug": "liahl",
      "sport": 1,
      "created": "2016-06-28T04:40:02Z"
    }
  },
  {
    "model": "leagues.league",
    "pk": 2,
    "fields": {
      "full_name": "National Hockey League",
      "abbreviated_name": "NHL",
      "slug": "nhl",
      "sport": 1,
      "created": "2016-06-28T04:40:02Z"
    }
  },
  {
    "model": "leagues.league",
    "pk": 3,
    "fields": {
      "full_name": "Major League Baseball",
      "abbreviated_name": "MLB",
      "slug": "mlb",
      "sport": 2,
      "created": "2016-07-31T03:11:31.865Z"
    }
  },
  {
    "model": "divisions.division",
    "pk": 1,
    "fields": {
      "name": "Midget Minor AA",
      "slug": "midget-minor-aa",
      "league": 1,
      "created": "2016-06-28T04:40:02Z"
    }
  },
  {
    "model": "divisions.division",
    "pk": 2,
    "fields": {
      "name": "Pacific Division",
      "slug": "pacific-division",
      "league": 2,
      "created": "2016-06-28T04:40:02Z"
    }
  },
  {
    "model": "divisions.division",
    "pk": 3,
    "fields": {
      "name": "Central Division",
      "slug": "central-division",
      "league": 2,
      "created": "2016-06-28T04:40:02Z"
    }
  },
  {
    "model": "divisions.division",
    "pk": 4,
    "fields": {
      "name": "Metropolitan Division",
      "slug": "metropolitan-division",
      "league": 2,
      "created": "2016-06-28T04:40:02Z"
    }
  },
  {
    "model": "divisions.division",
    "pk": 5,
    "fields": {
      "name": "Atlantic Division",
      "slug": "atlantic-division",
      "league": 2,
      "created": "2016-06-28T04:40:02Z"
    }
  },
  {
    "model": "divisions.division",
    "pk": 6,
    "fields": {
      "name": "Pee Wee",
      "slug": "pee-wee",
      "league": 1,
      "created": "2016-06-28T04:40:02Z"
    }
  },
  {
    "model": "divisions.division",
    "pk": 7,
    "fields": {
      "name": "Mites",
      "slug": "mites",
      "league": 1,
      "created": "2016-06-28T04:40:02Z"
    }
  },
  {
    "model": "divisions.division",
    "pk": 8,
    "fields": {
      "name": "American League East",
      "slug": "american-league-east",
      "league": 3,
      "created": "2016-07-31T03:12:53.057Z"
    }
  },
  {
    "model": "divisions.division",
    "pk": 9,
    "fields": {
      "name": "American League West",
      "slug": "american-league-west",
      "league": 3,
      "created": "2016-07-31T03:13:01.729Z"
    }
  },
  {
    "model": "divisions.division",
    "pk": 10,
    "fields": {
      "name": "American League Central",
      "slug": "american-league-central",
      "league": 3,
      "created": "2016-07-31T03:13:09.026Z"
    }
  },
  {
    "model": "divisions.division",
    "pk": 11,
    "fields": {
      "name": "National League East",
      "slug": "national-league-east",
      "league": 3,
      "created": "2016-07-31T03:13:22.041Z"
    }
  },
  {
    "model": "divisions.division",
    "pk": 12,
    "fields": {
      "name": "National League West",
      "slug": "national-league-west",
      "league": 3,
      "created": "2016-07-31T03:13:32.679Z"
    }
  },
  {
    "model": "divisions.division",
    "pk": 13,
    "fields": {
      "name": "National League Central",
      "slug": "national-league-central",
      "league": 3,
      "created": "2016-07-31T03:13:38.689Z"
    }
  },
  {
    "model": "teams.team",
    "pk": 1,
    "fields": {
      "name": "Green Machine IceCats",
      "slug": "green-machine-icecats",
      "website": "http://www.icecathockey.com",
      "division": 7,
      "created": "2016-06-28T04:40:02Z"
    }
  },
  {
    "model": "teams.team",
    "pk": 11,
    "fields": {
      "name": "Washington Capitals",
      "slug": "washington-capitals",
      "website": "",
      "division": 4,
      "created": "2016-08-11T22:36:40.475Z"
    }
  },
  {
    "model": "teams.team",
    "pk": 12,
    "fields": {
      "name": "Pittsburgh Penguins",
      "slug": "pittsburgh-penguins",
      "website": "",
      "division": 4,
      "created": "2016-08-11T22:36:40.709Z"
    }
  },
  {
    "model": "teams.team",
    "pk": 13,
    "fields": {
      "name": "New York Rangers",
      "slug": "new-york-rangers",
      "website": "",
      "division": 4,
      "created": "2016-08-11T22:36:40.956Z"
    }
  },
  {
    "model": "teams.team",
    "pk": 14,
    "fields": {
      "name": "New York Islanders",
      "slug": "new-york-islanders",
      "website": "",
      "division": 4,
      "created": "2016-08-11T22:36:41.179Z"
    }
  },
  {
    "model": "teams.team",
    "pk": 15,
    "fields": {
      "name": "Philadelphia Flyers",
      "slug": "philadelphia-flyers",
      "website": "",
      "division": 4,
      "created": "2016-08-11T22:36:41.411Z"
    }
  },
  {
    "model": "teams.team",
    "pk": 16,
    "fields": {
      "name": "Carolina Hurricanes",
      "slug": "carolina-hurricanes",
      "website": "",
      "division": 4,
      "created": "2016-08-11T22:36:41.643Z"
    }
  },
  {
    "model": "teams.team",
    "pk": 17,
    "fields": {
      "name": "New Jersey Devils",
      "slug": "new-jersey-devils",
      "website": "",
      "division": 4,
      "created": "2016-08-11T22:36:41.918Z"
    }
  },
  {
    "model": "teams.team",
    "pk": 18,
    "fields": {
      "name": "Columbus Blue Jackets",
      "slug": "columbus-blue-jackets",
      "website": "",
      "division": 4,
      "created": "2016-08-11T22:36:42.163Z"
    }
  },
  {
    "model": "teams.team",
    "pk": 19,
    "fields": {
      "name": "Florida Panthers",
      "slug": "florida-panthers",
      "website": "",
      "division": 5,
      "created": "2016-08-11T22:36:42.371Z"
    }
  },
  {
    "model": "teams.team",
    "pk": 20,
    "fields": {
      "name": "Tampy Bay Lightning",
      "slug": "tampy-bay-lightning",
      "website": "",
      "division": 5,
      "created": "2016-08-11T22:36:42.575Z"
    }
  },
  {
    "model": "teams.team",
    "pk": 21,
    "fields": {
      "name": "Detroit Red Wings",
      "slug": "detroit-red-wings",
      "website": "",
      "division": 5,
      "created": "2016-08-11T22:36:42.834Z"
    }
  },
  {
    "model": "teams.team",
    "pk": 22,
    "fields": {
      "name": "Boston Bruins",
      "slug": "boston-bruins",
      "website": "",
      "division": 5,
      "created": "2016-08-11T22:36:43.110Z"
    }
  },
  {
    "model": "teams.team",
    "pk": 23,
    "fields": {
      "name": "Ottawa Senators",
      "slug": "ottawa-senators",
      "website": "",
      "division": 5,
      "created": "2016-08-11T22:36:43.459Z"
    }
  },
  {
    "model": "teams.team",
    "pk": 24,
    "fields": {
      "name": "Montr\u00e9al Canadiens",
      "slug": "montreal-canadiens",
      "website": "",
      "division": 5,
      "created": "2016-08-11T22:36:43.681Z"
    }
  },
  {
    "model": "teams.team",
    "pk": 25,
    "fields": {
      "name": "Buffalo Sabres",
      "slug": "buffalo-sabres",
      "website": "",
      "division": 5,
      "created": "2016-08-11T22:36:43.891Z"
    }
  },
  {
    "model": "teams.team",
    "pk": 26,
    "fields": {
      "name": "Toronto Maple Leafs",
      "slug": "toronto-maple-leafs",
      "website": "",
      "division": 5,
      "created": "2016-08-11T22:36:44.109Z"
    }
  },
  {
    "model": "teams.team",
    "pk": 27,
    "fields": {
      "name": "Dallas Stars",
      "slug": "dallas-stars",
      "website": "",
      "division": 3,
      "created": "2016-08-11T22:36:44.319Z"
    }
  },
  {
    "model": "teams.team",
    "pk": 28,
    "fields": {
      "name": "St. Louis Blues",
      "slug": "st-louis-blues",
      "website": "",
      "division": 3,
      "created": "2016-08-11T22:36:44.525Z"
    }
  },
  {
    "model": "teams.team",
    "pk": 29,
    "fields": {
      "name": "Chicago Blackhawks",
      "slug": "chicago-blackhawks",
      "website": "",
      "division": 3,
      "created": "2016-08-11T22:36:44.701Z"
    }
  },
  {
    "model": "teams.team",
    "pk": 30,
    "fields": {
      "name": "Nashville Predators",
      "slug": "nashville-predators",
      "website": "",
      "division": 3,
      "created": "2016-08-11T22:36:44.897Z"
    }
  },
  {
    "model": "teams.team",
    "pk": 31,
    "fields": {
      "name": "Minnesota Wild",
      "slug": "minnesota-wild",
      "website": "",
      "division": 3,
      "created": "2016-08-11T22:36:45.089Z"
    }
  },
  {
    "model": "teams.team",
    "pk": 32,
    "fields": {
      "name": "Colorado Avalanche",
      "slug": "colorado-avalanche",
      "website": "",
      "division": 3,
      "created": "2016-08-11T22:36:45.334Z"
    }
  },
  {
    "model": "teams.team",
    "pk": 33,
    "fields": {
      "name": "Winnipeg Jets",
      "slug": "winnipeg-jets",
      "website": "",
      "division": 3,
      "created": "2016-08-11T22:36:45.614Z"
    }
  },
  {
    "model": "teams.team",
    "pk": 34,
    "fields": {
      "name": "Anaheim Ducks",
      "slug": "anaheim-ducks",
      "website": "",
      "division": 2,
      "created": "2016-08-11T22:36:45.836Z"
    }
  },
  {
    "model": "teams.team",
    "pk": 35,
    "fields": {
      "name": "Los Angeles Kings",
      "slug": "los-angeles-kings",
      "website": "",
      "division": 2,
      "created": "2016-08-11T22:36:46.091Z"
    }
  },
  {
    "model": "teams.team",
    "pk": 36,
    "fields": {
      "name": "San Jose Sharks",
      "slug": "san-jose-sharks",
      "website": "",
      "division": 2,
      "created": "2016-08-11T22:36:46.338Z"
    }
  },
  {
    "model": "teams.team",
    "pk": 37,
    "fields": {
      "name": "Arizona Coyotes",
      "slug": "arizona-coyotes",
      "website": "",
      "division": 2,
      "created": "2016-08-11T22:36:46.516Z"
    }
  },
  {
    "model": "teams.team",
    "pk": 38,
    "fields": {
      "name": "Calgary Flames",
      "slug": "calgary-flames",
      "website": "",
      "division": 2,
      "created": "2016-08-11T22:36:46.738Z"
    }
  },
  {
    "model": "teams.team",
    "pk": 39,
    "fields": {
      "name": "Vancouver Canucks",
      "slug": "vancouver-canucks",
      "website": "",
      "division": 2,
      "created": "2016-08-11T22:36:46.965Z"
    }
  },
  {
    "model": "teams.team",
    "pk": 40,
    "fields": {
      "name": "Edmonton Oilers",
      "slug": "edmonton-oilers",
      "website": "",
      "division": 2,
      "created": "2016-08-11T22:36:47.158Z"
    }
  },
  {
    "model": "teams.team",
    "pk": 41,
    "fields": {
      "name": "Toronto Blue Jays",
      "slug": "toronto-blue-jays",
      "website": "",
      "division": 8,
      "created": "2016-08-12T02:44:22.126Z"
    }
  },
  {
    "model": "teams.team",
    "pk": 42,
    "fields": {
      "name": "Baltimore Orioles",
      "slug": "baltimore-orioles",
      "website": "",
      "division": 8,
      "created": "2016-08-12T02:44:22.270Z"
    }
  },
  {
    "model": "teams.team",
    "pk": 43,
    "fields": {
      "name": "Boston Red Sox",
      "slug": "boston-red-sox",
      "website": "",
      "division": 8,
      "created": "2016-08-12T02:44:22.400Z"
    }
  },
  {
    "model": "teams.team",
    "pk": 44,
    "fields": {
      "name": "New York Yankees",
      "slug": "new-york-yankees",
      "website": "",
      "division": 8,
      "created": "2016-08-12T02:44:22.540Z"
    }
  },
  {
    "model": "teams.team",
    "pk": 45,
    "fields": {
      "name": "Tampa Bay Rays",
      "slug": "tampa-bay-rays",
      "website": "",
      "division": 8,
      "created": "2016-08-12T02:44:22.661Z"
    }
  },
  {
    "model": "teams.team",
    "pk": 46,
    "fields": {
      "name": "Cleveland Indians",
      "slug": "cleveland-indians",
      "website": "",
      "division": 10,
      "created": "2016-08-12T02:44:22.839Z"
    }
  },
  {
    "model": "teams.team",
    "pk": 47,
    "fields": {
      "name": "Detroit Tigers",
      "slug": "detroit-tigers",
      "website": "",
      "division": 10,
      "created": "2016-08-12T02:44:22.984Z"
    }
  },
  {
    "model": "teams.team",
    "pk": 48,
    "fields": {
      "name": "Chicago White Sox",
      "slug": "chicago-white-sox",
      "website": "",
      "division": 10,
      "created": "2016-08-12T02:44:23.147Z"
    }
  },
  {
    "model": "teams.team",
    "pk": 49,
    "fields": {
      "name": "Kansas City Royals",
      "slug": "kansas-city-royals",
      "website": "",
      "division": 10,
      "created": "2016-08-12T02:44:23.269Z"
    }
  },
  {
    "model": "teams.team",
    "pk": 50,
    "fields": {
      "name": "Minnesota Twins",
      "slug": "minnesota-twins",
      "website": "",
      "division": 10,
      "created": "2016-08-12T02:44:23.461Z"
    }
  },
  {
    "model": "teams.team",
    "pk": 51,
    "fields": {
      "name": "Texas Rangers",
      "slug": "texas-rangers",
      "website": "",
      "division": 9,
      "created": "2016-08-12T02:44:23.622Z"
    }
  },
  {
    "model": "teams.team",
    "pk": 52,
    "fields": {
      "name": "Seattle Mariners",
      "slug": "seattle-mariners",
      "website": "",
      "division": 9,
      "created": "2016-08-12T02:44:23.760Z"
    }
  },
  {
    "model": "teams.team",
    "pk": 53,
    "fields": {
      "name": "Houston Astros",
      "slug": "houston-astros",
      "website": "",
      "division": 9,
      "created": "2016-08-12T02:44:23.916Z"
    }
  },
  {
    "model": "teams.team",
    "pk": 54,
    "fields": {
      "name": "Oakland Athletics",
      "slug": "oakland-athletics",
      "website": "",
      "division": 9,
      "created": "2016-08-12T02:44:24.094Z"
    }
  },
  {
    "model": "teams.team",
    "pk": 55,
    "fields": {
      "name": "Los Angeles Angels",
      "slug": "los-angeles-angels",
      "website": "",
      "division": 9,
      "created": "2016-08-12T02:44:24.225Z"
    }
  },
  {
    "model": "teams.team",
    "pk": 56,
    "fields": {
      "name": "Washington Nationals",
      "slug": "washington-nationals",
      "website": "",
      "division": 11,
      "created": "2016-08-12T02:44:24.358Z"
    }
  },
  {
    "model": "teams.team",
    "pk": 57,
    "fields": {
      "name": "Miami Marlins",
      "slug": "miami-marlins",
      "website": "",
      "division": 11,
      "created": "2016-08-12T02:44:24.479Z"
    }
  },
  {
    "model": "teams.team",
    "pk": 58,
    "fields": {
      "name": "New York Mets",
      "slug": "new-york-mets",
      "website": "",
      "division": 11,
      "created": "2016-08-12T02:44:24.617Z"
    }
  },
  {
    "model": "teams.team",
    "pk": 59,
    "fields": {
      "name": "Philadelphia Phillies",
      "slug": "philadelphia-phillies",
      "website": "",
      "division": 11,
      "created": "2016-08-12T02:44:24.750Z"
    }
  },
  {
    "model": "teams.team",
    "pk": 60,
    "fields": {
      "name": "Atlanta Braves",
      "slug": "atlanta-braves",
      "website": "",
      "division": 11,
      "created": "2016-08-12T02:44:24.876Z"
    }
  },
  {
    "model": "teams.team",
    "pk": 61,
    "fields": {
      "name": "Chicago Cubs",
      "slug": "chicago-cubs",
      "website": "",
      "division": 13,
      "created": "2016-08-12T02:44:25.016Z"
    }
  },
  {
    "model": "teams.team",
    "pk": 62,
    "fields": {
      "name": "St. Louis Cardinals",
      "slug": "st-louis-cardinals",
      "website": "",
      "division": 13,
      "created": "2016-08-12T02:44:25.168Z"
    }
  },
  {
    "model": "teams.team",
    "pk": 63,
    "fields": {
      "name": "Pittsburgh Pirates",
      "slug": "pittsburgh-pirates",
      "website": "",
      "division": 13,
      "created": "2016-08-12T02:44:25.386Z"
    }
  },
  {
    "model": "teams.team",
    "pk": 64,
    "fields": {
      "name": "Milwaukee Brewers",
      "slug": "milwaukee-brewers",
      "website": "",
      "division": 13,
      "created": "2016-08-12T02:44:25.514Z"
    }
  },
  {
    "model": "teams.team",
    "pk": 65,
    "fields": {
      "name": "Cincinnati Reds",
      "slug": "cincinnati-reds",
      "website": "",
      "division": 13,
      "created": "2016-08-12T02:44:25.637Z"
    }
  },
  {
    "model": "teams.team",
    "pk": 66,
    "fields": {
      "name": "San Francisco Giants",
      "slug": "san-francisco-giants",
      "website": "",
      "division": 12,
      "created": "2016-08-12T02:44:25.766Z"
    }
  },
  {
    "model": "teams.team",
    "pk": 67,
    "fields": {
      "name": "Los Angeles Dodgers",
      "slug": "los-angeles-dodgers",
      "website": "",
      "division": 12,
      "created": "2016-08-12T02:44:25.911Z"
    }
  },
  {
    "model": "teams.team",
    "pk": 68,
    "fields": {
      "name": "Colorado Rockies",
      "slug": "colorado-rockies",
      "website": "",
      "division": 12,
      "created": "2016-08-12T02:44:26.079Z"
    }
  },
  {
    "model": "teams.team",
    "pk": 69,
    "fields": {
      "name": "San Diego Padres",
      "slug": "san-diego-padres",
      "website": "",
      "division": 12,
      "created": "2016-08-12T02:44:26.252Z"
    }
  },
  {
    "model": "teams.team",
    "pk": 70,
    "fields": {
      "name": "Arizona Diamondbacks",
      "slug": "arizona-diamondbacks",
      "website": "",
      "division": 12,
      "created": "2016-08-12T02:44:26.408Z"
    }
  },
  {
    "model": "teams.team",
    "pk": 71,
    "fields": {
      "name": "Freeport Arrows",
      "slug": "freeport-arrows",
      "website": "",
      "division": 7,
      "created": "2016-08-12T02:50:56.389Z"
    }
  },
  {
    "model": "teams.team",
    "pk": 72,
    "fields": {
      "name": "Long Island Edge",
      "slug": "long-island-edge",
      "website": "",
      "division": 7,
      "created": "2016-08-12T02:51:36.416Z"
    }
  },
  {
    "model": "teams.team",
    "pk": 73,
    "fields": {
      "name": "Brewster Bulldogs",
      "slug": "brewster-bulldogs",
      "website": "",
      "division": 7,
      "created": "2016-08-12T02:58:47.224Z"
    }
  },
  {
    "model": "teams.team",
    "pk": 74,
    "fields": {
      "name": "Long Island Royals",
      "slug": "long-island-royals",
      "website": "",
      "division": 7,
      "created": "2016-08-12T02:59:06.574Z"
    }
  },
  {
    "model": "teams.team",
    "pk": 75,
    "fields": {
      "name": "Nassau County Lions",
      "slug": "nassau-county-lions",
      "website": "",
      "division": 7,
      "created": "2016-08-12T02:59:17.932Z"
    }
  },
  {
    "model": "teams.team",
    "pk": 76,
    "fields": {
      "name": "NYC cyclones",
      "slug": "nyc-cyclones",
      "website": "",
      "division": 7,
      "created": "2016-08-12T02:59:29.224Z"
    }
  },
  {
    "model": "teams.team",
    "pk": 77,
    "fields": {
      "name": "Aviator Gulls",
      "slug": "aviator-gulls",
      "website": "",
      "division": 7,
      "created": "2016-08-12T03:00:24.074Z"
    }
  },
  {
    "model": "teams.team",
    "pk": 78,
    "fields": {
      "name": "Great Neck Bruins",
      "slug": "great-neck-bruins",
      "website": "",
      "division": 7,
      "created": "2016-08-12T03:00:35.263Z"
    }
  },
  {
    "model": "teams.team",
    "pk": 79,
    "fields": {
      "name": "Long Island Rebels",
      "slug": "long-island-rebels",
      "website": "",
      "division": 7,
      "created": "2016-08-12T03:00:53.464Z"
    }
  },
  {
    "model": "teams.team",
    "pk": 80,
    "fields": {
      "name": "Mamaroneck Tigers",
      "slug": "mamaroneck-tigers",
      "website": "",
      "division": 7,
      "created": "2016-08-12T03:01:10.335Z"
    }
  },
  {
    "model": "auth.user",
    "pk": 1,
    "fields": {
      "password": "pbkdf2_sha256$24000$L3pYG3HA0sRR$IhkK2b098hM5/ghPb5k9U3mCDXGVkz7r4bSZ/Xhrraw=",
      "last_login": "2016-08-12T00:16:53.475Z",
      "is_superuser": true,
      "username": "h@p.com",
      "first_name": "Harris",
      "last_name": "Pittinsky",
      "email": "h@p.com",
      "is_staff": true,
      "is_active": true,
      "date_joined": "2016-06-28T04:40:02Z",
      "groups": [],
      "user_permissions": []
    }
  },
  {
    "model": "userprofiles.userprofile",
    "pk": 1,
    "fields": {
      "user": 1,
      "gender": "Male",
      "birthday": "1996-06-28",
      "height": "5' 7\"",
      "weight": 130,
      "language": "en",
      "timezone": "US/Eastern"
    }
  },
  {
    "model": "coaches.coach",
    "pk": 8,
    "fields": {
      "user": 1,
      "position": "Head Coach",
      "team": 1,
      "created": "2016-08-12T03:04:04.755Z"
    }
  },
  {
    "model": "coaches.coach",
    "pk": 9,
    "fields": {
      "user": 1,
      "position": "Assistant Coach",
      "team": 45,
      "created": "2016-08-12T03:04:25.297Z"
    }
  },
  {
    "model": "players.hockeyplayer",
    "pk": 5,
    "fields": {
      "user": 1,
      "sport": 1,
      "team": 14,
      "jersey_number": 88,
      "created": "2016-08-12T03:04:04.558Z",
      "position": "C",
      "handedness": "Left"
    }
  },
  {
    "model": "players.baseballplayer",
    "pk": 4,
    "fields": {
      "user": 1,
      "sport": 2,
      "team": 46,
      "jersey_number": 88,
      "created": "2016-08-12T03:04:25.075Z",
      "position": "LF",
      "catches": "Left",
      "bats": "Left"
    }
  },
  {
    "model": "referees.referee",
    "pk": 7,
    "fields": {
      "user": 1,
      "league": 1,
      "created": "2016-08-12T03:04:04.876Z"
    }
  },
  {
    "model": "referees.referee",
    "pk": 8,
    "fields": {
      "user": 1,
      "league": 3,
      "created": "2016-08-12T03:04:25.391Z"
    }
  },
  {
    "model": "managers.manager",
    "pk": 6,
    "fields": {
      "user": 1,
      "team": 22,
      "created": "2016-08-12T03:04:04.656Z"
    }
  },
  {
    "model": "managers.manager",
    "pk": 7,
    "fields": {
      "user": 1,
      "team": 57,
      "created": "2016-08-12T03:04:25.192Z"
    }
  },
  {
    "model": "sports.sportregistration",
    "pk": 29,
    "fields": {
      "user": 1,
      "sport": 1,
      "roles_mask": 15,
      "is_complete": true
    }
  },
  {
    "model": "sports.sportregistration",
    "pk": 30,
    "fields": {
      "user": 1,
      "sport": 2,
      "roles_mask": 15,
      "is_complete": true
    }
  },
  {
    "model": "account.emailaddress",
    "pk": 1,
    "fields": {
      "user": 1,
      "email": "h@p.com",
      "verified": true,
      "primary": true
    }
  }
]
